<?xml version="1.0" encoding="utf-8"?>
<TXmlFormatTraceDef xmlns:xsi="http://www.w3.org/2001/XMLSchema-instance" xmlns:xsd="http://www.w3.org/2001/XMLSchema">
  <myTraceDef_DBXml>
    <myTraceDefModule>
      <TTRACE_DEF_MOD type="ST_LabTool.TTRACE_DEF_DB+TTRACE_DEF_MOD">
		<TTRACE_DEF_MOD>
	 	  <valid>true</valid>
          <idGroupTrc>PLC_G3</idGroupTrc>
          <ModId>7</ModId>
          <ModName>PHY_DATA</ModName> 
		</TTRACE_DEF_MOD>  
      </TTRACE_DEF_MOD>
    </myTraceDefModule>
	<myTraceDefField>
      <TTRACE_DEF_FIELD type="ST_LabTool.TTRACE_DEF_DB+TTRACE_DEF_FIELD">
        <TTRACE_DEF_FIELD>
          <valid>true</valid>
          <TraceId>64</TraceId>
          <TraceName>PDDATA_REQ</TraceName>
          <TraceString>PHY,PD-DATA.Request</TraceString>
         </TTRACE_DEF_FIELD>
      </TTRACE_DEF_FIELD>
	</myTraceDefField>	
	<myTraceDefField>
      <TTRACE_DEF_FIELD type="ST_LabTool.TTRACE_DEF_DB+TTRACE_DEF_FIELD">
        <TTRACE_DEF_FIELD>
          <valid>true</valid>
          <TraceId>65</TraceId>
          <TraceName>PDDATA_IND</TraceName>
          <TraceString>PHY,PD-DATA.Indication</TraceString>
         </TTRACE_DEF_FIELD>
      </TTRACE_DEF_FIELD>
	</myTraceDefField>	
	<myTraceDefField>
      <TTRACE_DEF_FIELD type="ST_LabTool.TTRACE_DEF_DB+TTRACE_DEF_FIELD">
        <TTRACE_DEF_FIELD>
          <valid>true</valid>
          <TraceId>66</TraceId>
          <TraceName>PDACK_REQ</TraceName>
          <TraceString>PHY,PD-ACK.Request</TraceString>
         </TTRACE_DEF_FIELD>
      </TTRACE_DEF_FIELD>
	</myTraceDefField>	
	<myTraceDefField>
      <TTRACE_DEF_FIELD type="ST_LabTool.TTRACE_DEF_DB+TTRACE_DEF_FIELD">
        <TTRACE_DEF_FIELD>
          <valid>true</valid>
          <TraceId>67</TraceId>
          <TraceName>PLMESETTRXSTATE_REQ</TraceName>
          <TraceString>PHY,PLME-SET-TRX-STATE.Request</TraceString>
         </TTRACE_DEF_FIELD>
      </TTRACE_DEF_FIELD>
	</myTraceDefField>	 
	<myTraceDefField>
      <TTRACE_DEF_FIELD type="ST_LabTool.TTRACE_DEF_DB+TTRACE_DEF_FIELD">
        <TTRACE_DEF_FIELD>
          <valid>true</valid>
          <TraceId>68</TraceId>
          <TraceName>RFDATA_REQ</TraceName>
          <TraceString>PHY,RF-DATA.Request</TraceString>
         </TTRACE_DEF_FIELD>
      </TTRACE_DEF_FIELD>
	</myTraceDefField>    
	<myTraceDefField>
      <TTRACE_DEF_FIELD type="ST_LabTool.TTRACE_DEF_DB+TTRACE_DEF_FIELD">
        <TTRACE_DEF_FIELD>
          <valid>true</valid>
          <TraceId>69</TraceId>
          <TraceName>RFDATA_IND</TraceName>
          <TraceString>PHY,RF-DATA.Indication</TraceString>
         </TTRACE_DEF_FIELD>
      </TTRACE_DEF_FIELD>
	</myTraceDefField>        
  </myTraceDef_DBXml>
</TXmlFormatTraceDef>