<?xml version="1.0" encoding="utf-8"?>
<TXmlFormatTraceDef xmlns:xsi="http://www.w3.org/2001/XMLSchema-instance" xmlns:xsd="http://www.w3.org/2001/XMLSchema">
  <myTraceDef_DBXml>
    <myTraceDefModule>
      <TTRACE_DEF_MOD type="ST_LabTool.TTRACE_DEF_DB+TTRACE_DEF_MOD">
		<TTRACE_DEF_MOD>
	 	  <valid>true</valid>
          <idGroupTrc>PLC_G3</idGroupTrc>
          <ModId>8</ModId>
          <ModName>PHY_DEBUG</ModName> 
		</TTRACE_DEF_MOD>  
      </TTRACE_DEF_MOD>
    </myTraceDefModule>
	<myTraceDefField>
      <TTRACE_DEF_FIELD type="ST_LabTool.TTRACE_DEF_DB+TTRACE_DEF_FIELD">
        <TTRACE_DEF_FIELD>
          <valid>true</valid>
          <TraceId>64</TraceId>
          <TraceName>PHY_RSV0</TraceName>
          <TraceString>PHY,Rsv0 </TraceString>
         </TTRACE_DEF_FIELD>
      </TTRACE_DEF_FIELD>
	</myTraceDefField>	
	<myTraceDefField>
      <TTRACE_DEF_FIELD type="ST_LabTool.TTRACE_DEF_DB+TTRACE_DEF_FIELD">
        <TTRACE_DEF_FIELD>
          <valid>true</valid>
          <TraceId>65</TraceId>
          <TraceName>PHY_RSV1</TraceName>
          <TraceString>PHY,Rsv1 </TraceString>
         </TTRACE_DEF_FIELD>
      </TTRACE_DEF_FIELD>
	</myTraceDefField>	
	<myTraceDefField>
      <TTRACE_DEF_FIELD type="ST_LabTool.TTRACE_DEF_DB+TTRACE_DEF_FIELD">
        <TTRACE_DEF_FIELD>
          <valid>true</valid>
          <TraceId>66</TraceId>
          <TraceName>PHY_RSV2</TraceName>
          <TraceString>PHY,Rsv2 </TraceString>
         </TTRACE_DEF_FIELD>
      </TTRACE_DEF_FIELD>
	</myTraceDefField>	
	<myTraceDefField>
      <TTRACE_DEF_FIELD type="ST_LabTool.TTRACE_DEF_DB+TTRACE_DEF_FIELD">
        <TTRACE_DEF_FIELD>
          <valid>true</valid>
          <TraceId>67</TraceId>
          <TraceName>PHY_TXPOWER_ATTEN</TraceName>
          <TraceString>PHY,Set TX Power,TransmitAtten </TraceString>
         </TTRACE_DEF_FIELD>
      </TTRACE_DEF_FIELD>
	</myTraceDefField>	  
	<myTraceDefField>
      <TTRACE_DEF_FIELD type="ST_LabTool.TTRACE_DEF_DB+TTRACE_DEF_FIELD">
        <TTRACE_DEF_FIELD>
          <valid>true</valid>
          <TraceId>68</TraceId>
          <TraceName>PHY_TXPOWER_ERR_GAIN</TraceName>
          <TraceString>PHY,Set TX Power,Wrong gain </TraceString>
         </TTRACE_DEF_FIELD>
      </TTRACE_DEF_FIELD>
	</myTraceDefField>
	<myTraceDefField>
      <TTRACE_DEF_FIELD type="ST_LabTool.TTRACE_DEF_DB+TTRACE_DEF_FIELD">
        <TTRACE_DEF_FIELD>
          <valid>true</valid>
          <TraceId>69</TraceId>
          <TraceName>PHY_TXPOWER_ATT</TraceName>
          <TraceString>PHY,Set TX Power,Attenuation </TraceString>
         </TTRACE_DEF_FIELD>
      </TTRACE_DEF_FIELD>
	</myTraceDefField>
	<myTraceDefField>
      <TTRACE_DEF_FIELD type="ST_LabTool.TTRACE_DEF_DB+TTRACE_DEF_FIELD">
        <TTRACE_DEF_FIELD>
          <valid>true</valid>
          <TraceId>70</TraceId>
          <TraceName>PHY_TXPOWER_MAXPOW</TraceName>
          <TraceString>PHY,Set TX Power,Max Power </TraceString>
         </TTRACE_DEF_FIELD>
      </TTRACE_DEF_FIELD>
	</myTraceDefField>	
	<myTraceDefField>    
      <TTRACE_DEF_FIELD type="ST_LabTool.TTRACE_DEF_DB+TTRACE_DEF_FIELD">
        <TTRACE_DEF_FIELD>
          <valid>true</valid>
          <TraceId>71</TraceId>
          <TraceName>PHY_TXPOWER_POWERTX</TraceName>
          <TraceString>PHY,Set TX Power,ActualTX Power</TraceString>
         </TTRACE_DEF_FIELD>
      </TTRACE_DEF_FIELD>
	</myTraceDefField>	  
	<myTraceDefField>    
      <TTRACE_DEF_FIELD type="ST_LabTool.TTRACE_DEF_DB+TTRACE_DEF_FIELD">
        <TTRACE_DEF_FIELD>
          <valid>true</valid>
          <TraceId>72</TraceId>
          <TraceName>PHY_EVALS_TOTALS</TraceName>
          <TraceString>PHY,Evaluate S,Total Signal</TraceString>
         </TTRACE_DEF_FIELD>
      </TTRACE_DEF_FIELD>
	</myTraceDefField>	  
	<myTraceDefField>    
      <TTRACE_DEF_FIELD type="ST_LabTool.TTRACE_DEF_DB+TTRACE_DEF_FIELD">
        <TTRACE_DEF_FIELD>
          <valid>true</valid>
          <TraceId>73</TraceId>
          <TraceName>PHY_EVALS_TXPOWERDIFF</TraceName>
          <TraceString>PHY,Evaluate S,TX Power Diff</TraceString>
         </TTRACE_DEF_FIELD>
      </TTRACE_DEF_FIELD>
	</myTraceDefField>	
	<myTraceDefField>    
      <TTRACE_DEF_FIELD type="ST_LabTool.TTRACE_DEF_DB+TTRACE_DEF_FIELD">
        <TTRACE_DEF_FIELD>
          <valid>true</valid>
          <TraceId>74</TraceId>
          <TraceName>PHY_EVALS_PREDRIVERGAIN</TraceName>
          <TraceString>PHY,Evaluate S,PreDriver Gain</TraceString>
         </TTRACE_DEF_FIELD>
      </TTRACE_DEF_FIELD>
	</myTraceDefField>	
	<myTraceDefField>    
      <TTRACE_DEF_FIELD type="ST_LabTool.TTRACE_DEF_DB+TTRACE_DEF_FIELD">
        <TTRACE_DEF_FIELD>
          <valid>true</valid>
          <TraceId>75</TraceId>
          <TraceName>PHY_EVALS_LOGCARRIER</TraceName>
          <TraceString>PHY,Evaluate S,LogCarrier</TraceString>
         </TTRACE_DEF_FIELD>
      </TTRACE_DEF_FIELD>
	</myTraceDefField>	    
  </myTraceDef_DBXml>
</TXmlFormatTraceDef>