<?xml version="1.0" encoding="utf-8"?>
<TXmlFormatTraceDef xmlns:xsi="http://www.w3.org/2001/XMLSchema-instance" xmlns:xsd="http://www.w3.org/2001/XMLSchema">
  <myTraceDef_DBXml>
    <myTraceDefModule>
      <TTRACE_DEF_MOD type="ST_LabTool.TTRACE_DEF_DB+TTRACE_DEF_MOD">
		<TTRACE_DEF_MOD>
	 	  <valid>true</valid>
          <idGroupTrc>PLC_G3</idGroupTrc>
          <ModId>11</ModId>
          <ModName>RTEI_INFO</ModName> 
		</TTRACE_DEF_MOD>  
      </TTRACE_DEF_MOD>
    </myTraceDefModule>
	<myTraceDefField>
      <TTRACE_DEF_FIELD type="ST_LabTool.TTRACE_DEF_DB+TTRACE_DEF_FIELD">
        <TTRACE_DEF_FIELD>
          <valid>true</valid>
          <TraceId>64</TraceId>
          <TraceName>RTEI_RTEERRORIND_HPRIO</TraceName>
          <TraceString>RTE,RTE-ERROR.Ind (HPRIO region)</TraceString>
         </TTRACE_DEF_FIELD>
      </TTRACE_DEF_FIELD>
	</myTraceDefField>	
	<myTraceDefField>
      <TTRACE_DEF_FIELD type="ST_LabTool.TTRACE_DEF_DB+TTRACE_DEF_FIELD">
        <TTRACE_DEF_FIELD>
          <valid>true</valid>
          <TraceId>65</TraceId>
          <TraceName>RTEI_RTEERRORIND_LPRIO</TraceName>
          <TraceString>RTE,RTE-ERROR.Ind (LPRIO region)</TraceString>
         </TTRACE_DEF_FIELD>
      </TTRACE_DEF_FIELD>
	</myTraceDefField>	    
	<myTraceDefField>
      <TTRACE_DEF_FIELD type="ST_LabTool.TTRACE_DEF_DB+TTRACE_DEF_FIELD">
        <TTRACE_DEF_FIELD>
          <valid>true</valid>
          <TraceId>66</TraceId>
          <TraceName>RTEI_ERR_MACDATATXQUEUE_FULL</TraceName>
          <TraceString>RTE,Error MACDataTx Queue full</TraceString>
         </TTRACE_DEF_FIELD>
      </TTRACE_DEF_FIELD>
	</myTraceDefField>	    
	<myTraceDefField>
      <TTRACE_DEF_FIELD type="ST_LabTool.TTRACE_DEF_DB+TTRACE_DEF_FIELD">
        <TTRACE_DEF_FIELD>
          <valid>true</valid>
          <TraceId>67</TraceId>
          <TraceName>RTEI_ERR_MACDATARXQUEUE_FULL</TraceName>
          <TraceString>RTE,Error MACDataRx Queue full</TraceString>
         </TTRACE_DEF_FIELD>
      </TTRACE_DEF_FIELD>
	</myTraceDefField>	
	<myTraceDefField>
      <TTRACE_DEF_FIELD type="ST_LabTool.TTRACE_DEF_DB+TTRACE_DEF_FIELD">
        <TTRACE_DEF_FIELD>
          <valid>true</valid>
          <TraceId>68</TraceId>
          <TraceName>RTEI_ERR_G3LIBSETQUEUE_FULL</TraceName>
          <TraceString>RTE,Error G3LIBSet Queue full</TraceString>
         </TTRACE_DEF_FIELD>
      </TTRACE_DEF_FIELD>
	</myTraceDefField>
	<myTraceDefField>
      <TTRACE_DEF_FIELD type="ST_LabTool.TTRACE_DEF_DB+TTRACE_DEF_FIELD">
        <TTRACE_DEF_FIELD>
          <valid>true</valid>
          <TraceId>69</TraceId>
          <TraceName>RTEI_ERR_G3LIBGETQUEUE_FULL</TraceName>
          <TraceString>RTE,Error G3LIBGet Queue full</TraceString>
         </TTRACE_DEF_FIELD>
      </TTRACE_DEF_FIELD>
	</myTraceDefField>	     
	<myTraceDefField>
      <TTRACE_DEF_FIELD type="ST_LabTool.TTRACE_DEF_DB+TTRACE_DEF_FIELD">
        <TTRACE_DEF_FIELD>
          <valid>true</valid>
          <TraceId>70</TraceId>
          <TraceName>RTEI_ERR_G3LIBSWRESETQUEUE_FULL</TraceName>
          <TraceString>RTE,Error G3LIBSwReset Queue full</TraceString>
         </TTRACE_DEF_FIELD>
      </TTRACE_DEF_FIELD>
	</myTraceDefField>	
	<myTraceDefField>
      <TTRACE_DEF_FIELD type="ST_LabTool.TTRACE_DEF_DB+TTRACE_DEF_FIELD">
        <TTRACE_DEF_FIELD>
          <valid>true</valid>
          <TraceId>71</TraceId>
          <TraceName>RTEI_ERR_G3LIBRTERECQUEUE_FULL</TraceName>
          <TraceString>RTE,Error G3LIBRTERecovery Queue full</TraceString>
         </TTRACE_DEF_FIELD>
      </TTRACE_DEF_FIELD>
	</myTraceDefField>	
	<myTraceDefField>
      <TTRACE_DEF_FIELD type="ST_LabTool.TTRACE_DEF_DB+TTRACE_DEF_FIELD">
        <TTRACE_DEF_FIELD>
          <valid>true</valid>
          <TraceId>72</TraceId>
          <TraceName>RTEI_ERR_MACRESETQUEUE_FULL</TraceName>
          <TraceString>RTE,Error MACReset Queue full</TraceString>
         </TTRACE_DEF_FIELD>
      </TTRACE_DEF_FIELD>
	</myTraceDefField>	  
	<myTraceDefField>
      <TTRACE_DEF_FIELD type="ST_LabTool.TTRACE_DEF_DB+TTRACE_DEF_FIELD">
        <TTRACE_DEF_FIELD>
          <valid>true</valid>
          <TraceId>73</TraceId>
          <TraceName>RTEI_ERR_PHYCSQUEUE_FULL</TraceName>
          <TraceString>RTE,Error PHYCs Queue full</TraceString>
         </TTRACE_DEF_FIELD>
      </TTRACE_DEF_FIELD>
	</myTraceDefField>	    
	<myTraceDefField>
      <TTRACE_DEF_FIELD type="ST_LabTool.TTRACE_DEF_DB+TTRACE_DEF_FIELD">
        <TTRACE_DEF_FIELD>
          <valid>true</valid>
          <TraceId>74</TraceId>
          <TraceName>RTEI_ERR_PHYSETTRXSTATEQUEUE_FULL</TraceName>
          <TraceString>RTE,Error PHYSetTRXState Queue full</TraceString>
         </TTRACE_DEF_FIELD>
      </TTRACE_DEF_FIELD>
	</myTraceDefField>	
	<myTraceDefField>
      <TTRACE_DEF_FIELD type="ST_LabTool.TTRACE_DEF_DB+TTRACE_DEF_FIELD">
        <TTRACE_DEF_FIELD>
          <valid>true</valid>
          <TraceId>75</TraceId>
          <TraceName>RTEI_ERR_PHYDATATXQUEUE_FULL</TraceName>
          <TraceString>RTE,Error PHYDataTX Queue full</TraceString>
         </TTRACE_DEF_FIELD>
      </TTRACE_DEF_FIELD>
	</myTraceDefField>	 
	<myTraceDefField>
      <TTRACE_DEF_FIELD type="ST_LabTool.TTRACE_DEF_DB+TTRACE_DEF_FIELD">
        <TTRACE_DEF_FIELD>
          <valid>true</valid>
          <TraceId>76</TraceId>
          <TraceName>RTEI_ERR_PHYDATAACKQUEUE_FULL</TraceName>
          <TraceString>RTE,Error PHYAckTX Queue full</TraceString>
         </TTRACE_DEF_FIELD>
      </TTRACE_DEF_FIELD>
	</myTraceDefField>
	<myTraceDefField>
      <TTRACE_DEF_FIELD type="ST_LabTool.TTRACE_DEF_DB+TTRACE_DEF_FIELD">
        <TTRACE_DEF_FIELD>
          <valid>true</valid>
          <TraceId>77</TraceId>
          <TraceName>RTEI_ERR_WRONG_CMDID</TraceName>
          <TraceString>RTE,Error Wrong CmdId</TraceString>
         </TTRACE_DEF_FIELD>
      </TTRACE_DEF_FIELD>
	</myTraceDefField>	  

	<myTraceDefField>
      <TTRACE_DEF_FIELD type="ST_LabTool.TTRACE_DEF_DB+TTRACE_DEF_FIELD">
        <TTRACE_DEF_FIELD>
          <valid>true</valid>
          <TraceId>78</TraceId>
          <TraceName>RTEI_ERR_READ_MSG</TraceName>
          <TraceString>RTE,Error read message</TraceString>
         </TTRACE_DEF_FIELD>
      </TTRACE_DEF_FIELD>
	</myTraceDefField>	 
	<myTraceDefField>
      <TTRACE_DEF_FIELD type="ST_LabTool.TTRACE_DEF_DB+TTRACE_DEF_FIELD">
        <TTRACE_DEF_FIELD>
          <valid>true</valid>
          <TraceId>79</TraceId>
          <TraceName>RTEI_ERR_GET_MSG</TraceName>
          <TraceString>RTE,Error get message</TraceString>
         </TTRACE_DEF_FIELD>
      </TTRACE_DEF_FIELD>
	</myTraceDefField>	 
	<myTraceDefField>
      <TTRACE_DEF_FIELD type="ST_LabTool.TTRACE_DEF_DB+TTRACE_DEF_FIELD">
        <TTRACE_DEF_FIELD>
          <valid>true</valid>
          <TraceId>80</TraceId>
          <TraceName>RTEI_ERR_WRITE_MSG</TraceName>
          <TraceString>RTE,Error write message</TraceString>
         </TTRACE_DEF_FIELD>
      </TTRACE_DEF_FIELD>
	</myTraceDefField>	 
	<myTraceDefField>
      <TTRACE_DEF_FIELD type="ST_LabTool.TTRACE_DEF_DB+TTRACE_DEF_FIELD">
        <TTRACE_DEF_FIELD>
          <valid>true</valid>
          <TraceId>81</TraceId>
          <TraceName>RTEI_EC</TraceName>
          <TraceString>RTE,Error Code</TraceString>
         </TTRACE_DEF_FIELD>
      </TTRACE_DEF_FIELD>
	</myTraceDefField>	 
	<myTraceDefField>
      <TTRACE_DEF_FIELD type="ST_LabTool.TTRACE_DEF_DB+TTRACE_DEF_FIELD">
        <TTRACE_DEF_FIELD>
          <valid>true</valid>
          <TraceId>82</TraceId>
          <TraceName>RTEIINFO_RTE_DEBUG_INFO_CONF</TraceName>
          <TraceString>RTE,RTE Trace</TraceString>
         </TTRACE_DEF_FIELD>
      </TTRACE_DEF_FIELD>
	</myTraceDefField>	 
	<myTraceDefField>
      <TTRACE_DEF_FIELD type="ST_LabTool.TTRACE_DEF_DB+TTRACE_DEF_FIELD">
        <TTRACE_DEF_FIELD>
          <valid>true</valid>
          <TraceId>83</TraceId>
          <TraceName>RTEIINFO_RTE_BAND_MISMATCH</TraceName>
          <TraceString>RTE,Band mismatch</TraceString>
         </TTRACE_DEF_FIELD>
      </TTRACE_DEF_FIELD>
	</myTraceDefField>    
  </myTraceDef_DBXml>
</TXmlFormatTraceDef>