<?xml version="1.0" encoding="utf-8"?>
<TXmlFormatTraceDef xmlns:xsi="http://www.w3.org/2001/XMLSchema-instance" xmlns:xsd="http://www.w3.org/2001/XMLSchema">
  <myTraceDef_DBXml>
    <myTraceDefModule>
      <TTRACE_DEF_MOD type="ST_LabTool.TTRACE_DEF_DB+TTRACE_DEF_MOD">
		<TTRACE_DEF_MOD>
	 	  <valid>true</valid>
          <idGroupTrc>PLC_G3</idGroupTrc>
          <ModId>13</ModId>
          <ModName>MAC_DEBUG</ModName> 
		</TTRACE_DEF_MOD>  
      </TTRACE_DEF_MOD>
    </myTraceDefModule>
	<myTraceDefField>
      <TTRACE_DEF_FIELD type="ST_LabTool.TTRACE_DEF_DB+TTRACE_DEF_FIELD">
        <TTRACE_DEF_FIELD>
          <valid>true</valid>
          <TraceId>0</TraceId>
          <TraceName>MACDEBUG_SRCSHORTADDR</TraceName>
          <TraceString>MAC,Src 16bit addr</TraceString>
         </TTRACE_DEF_FIELD>
      </TTRACE_DEF_FIELD>
	</myTraceDefField>	
	<myTraceDefField>
      <TTRACE_DEF_FIELD type="ST_LabTool.TTRACE_DEF_DB+TTRACE_DEF_FIELD">
        <TTRACE_DEF_FIELD>
          <valid>true</valid>
          <TraceId>1</TraceId>
          <TraceName>MACDEBUG_DSTSHORTADDR</TraceName>
          <TraceString>MAC,Dest 16bit addr</TraceString>
         </TTRACE_DEF_FIELD>
      </TTRACE_DEF_FIELD>
	</myTraceDefField>	
	<myTraceDefField>
      <TTRACE_DEF_FIELD type="ST_LabTool.TTRACE_DEF_DB+TTRACE_DEF_FIELD">
        <TTRACE_DEF_FIELD>
          <valid>true</valid>
          <TraceId>2</TraceId>
          <TraceName>MACDEBUG_SRCPANID</TraceName>
          <TraceString>MAC,Src PANId</TraceString>
         </TTRACE_DEF_FIELD>
      </TTRACE_DEF_FIELD>
	</myTraceDefField>	
	<myTraceDefField>
      <TTRACE_DEF_FIELD type="ST_LabTool.TTRACE_DEF_DB+TTRACE_DEF_FIELD">
        <TTRACE_DEF_FIELD>
          <valid>true</valid>
          <TraceId>3</TraceId>
          <TraceName>MACDEBUG_DSTPANID</TraceName>
          <TraceString>MAC,Dst PANId</TraceString>
         </TTRACE_DEF_FIELD>
      </TTRACE_DEF_FIELD>
	</myTraceDefField>	    
	<myTraceDefField>
      <TTRACE_DEF_FIELD type="ST_LabTool.TTRACE_DEF_DB+TTRACE_DEF_FIELD">
        <TTRACE_DEF_FIELD>
          <valid>true</valid>
          <TraceId>4</TraceId>
          <TraceName>MACDEBUG_TM_ITER_INFOBIT</TraceName>
          <TraceString>MAC,Tonemap,Infobit</TraceString>
         </TTRACE_DEF_FIELD>
      </TTRACE_DEF_FIELD>
	</myTraceDefField>	
	<myTraceDefField>
      <TTRACE_DEF_FIELD type="ST_LabTool.TTRACE_DEF_DB+TTRACE_DEF_FIELD">
        <TTRACE_DEF_FIELD>
          <valid>true</valid>
          <TraceId>5</TraceId>
          <TraceName>MACDEBUG_ACTIVECARRIERS</TraceName>
          <TraceString>MAC,Active carriers</TraceString>
         </TTRACE_DEF_FIELD>
      </TTRACE_DEF_FIELD>
	</myTraceDefField>	
	<myTraceDefField>
      <TTRACE_DEF_FIELD type="ST_LabTool.TTRACE_DEF_DB+TTRACE_DEF_FIELD">
        <TTRACE_DEF_FIELD>
          <valid>true</valid>
          <TraceId>6</TraceId>
          <TraceName>MACDEBUG_NTABLE_CLEAR_ENTRY</TraceName>
          <TraceString>MAC,Ntable,Clear entry</TraceString>
         </TTRACE_DEF_FIELD>
      </TTRACE_DEF_FIELD>
	</myTraceDefField>	
	<myTraceDefField>
      <TTRACE_DEF_FIELD type="ST_LabTool.TTRACE_DEF_DB+TTRACE_DEF_FIELD">
        <TTRACE_DEF_FIELD>
          <valid>true</valid>
          <TraceId>7</TraceId>
          <TraceName>MACDEBUG_NTABLE_ADD_ENTRY</TraceName>
          <TraceString>MAC,Ntable,Add entry</TraceString>
         </TTRACE_DEF_FIELD>
      </TTRACE_DEF_FIELD>
	</myTraceDefField>	    
	<myTraceDefField>
      <TTRACE_DEF_FIELD type="ST_LabTool.TTRACE_DEF_DB+TTRACE_DEF_FIELD">
        <TTRACE_DEF_FIELD>
          <valid>true</valid>
          <TraceId>8</TraceId>
          <TraceName>MACDEBUG_NTABLE_UPDATE_ENTRY</TraceName>
          <TraceString>MAC,Ntable,Update entry</TraceString>
         </TTRACE_DEF_FIELD>
      </TTRACE_DEF_FIELD>
	</myTraceDefField>	
	<myTraceDefField>
      <TTRACE_DEF_FIELD type="ST_LabTool.TTRACE_DEF_DB+TTRACE_DEF_FIELD">
        <TTRACE_DEF_FIELD>
          <valid>true</valid>
          <TraceId>9</TraceId>
          <TraceName>MACDEBUG_NTABLE_EXPIRETM_ENTRY</TraceName>
          <TraceString>MAC,Ntable,Expire TM</TraceString>
         </TTRACE_DEF_FIELD>
      </TTRACE_DEF_FIELD>
	</myTraceDefField>	
	<myTraceDefField>
      <TTRACE_DEF_FIELD type="ST_LabTool.TTRACE_DEF_DB+TTRACE_DEF_FIELD">
        <TTRACE_DEF_FIELD>
          <valid>true</valid>
          <TraceId>10</TraceId>
          <TraceName>MACDEBUG_NTABLE_LOWERINGMODULATION</TraceName>
          <TraceString>MAC,Ntable,Update for lowring modulation</TraceString>
         </TTRACE_DEF_FIELD>
      </TTRACE_DEF_FIELD>
	</myTraceDefField>	
	<myTraceDefField>
      <TTRACE_DEF_FIELD type="ST_LabTool.TTRACE_DEF_DB+TTRACE_DEF_FIELD">
        <TTRACE_DEF_FIELD>
          <valid>true</valid>
          <TraceId>11</TraceId>
          <TraceName>MACDEBUG_POSTABLE_ADDDEV</TraceName>
          <TraceString>MAC,POSTable,Add new dev</TraceString>
         </TTRACE_DEF_FIELD>
      </TTRACE_DEF_FIELD>
	</myTraceDefField>	    
	<myTraceDefField>
      <TTRACE_DEF_FIELD type="ST_LabTool.TTRACE_DEF_DB+TTRACE_DEF_FIELD">
        <TTRACE_DEF_FIELD>
          <valid>true</valid>
          <TraceId>12</TraceId>
          <TraceName>MACDEBUG_NTABLE_TMVALIDTIME</TraceName>
          <TraceString>MAC,Ntable,TM TTL</TraceString>
         </TTRACE_DEF_FIELD>
      </TTRACE_DEF_FIELD>
	</myTraceDefField>	
	<myTraceDefField>
      <TTRACE_DEF_FIELD type="ST_LabTool.TTRACE_DEF_DB+TTRACE_DEF_FIELD">
        <TTRACE_DEF_FIELD>
          <valid>true</valid>
          <TraceId>13</TraceId>
          <TraceName>MACDEBUG_NTABLE_NOT_FOUND</TraceName>
          <TraceString>MAC,Ntable,Entry not found</TraceString>
         </TTRACE_DEF_FIELD>
      </TTRACE_DEF_FIELD>
	</myTraceDefField>	
	<myTraceDefField>
      <TTRACE_DEF_FIELD type="ST_LabTool.TTRACE_DEF_DB+TTRACE_DEF_FIELD">
        <TTRACE_DEF_FIELD>
          <valid>true</valid>
          <TraceId>14</TraceId>
          <TraceName>MACDEBUG_POSTABLE_EXPIRED</TraceName>
          <TraceString>MAC,POSTable,Expired dev</TraceString>
         </TTRACE_DEF_FIELD>
      </TTRACE_DEF_FIELD>
	</myTraceDefField>	
	<myTraceDefField>
      <TTRACE_DEF_FIELD type="ST_LabTool.TTRACE_DEF_DB+TTRACE_DEF_FIELD">
        <TTRACE_DEF_FIELD>
          <valid>true</valid>
          <TraceId>15</TraceId>
          <TraceName>MACDEBUG_NTABLE_TMTIME_EXP</TraceName>
          <TraceString>MAC,Ntable,TM TTL expired</TraceString>
         </TTRACE_DEF_FIELD>
      </TTRACE_DEF_FIELD>
	</myTraceDefField>	        
	<myTraceDefField>
      <TTRACE_DEF_FIELD type="ST_LabTool.TTRACE_DEF_DB+TTRACE_DEF_FIELD">
        <TTRACE_DEF_FIELD>
          <valid>true</valid>
          <TraceId>16</TraceId>
          <TraceName>MACDEBUG_SEGM_SYMBOLS</TraceName>
          <TraceString>MAC,Segm,Symbols</TraceString>
         </TTRACE_DEF_FIELD>
      </TTRACE_DEF_FIELD>
	</myTraceDefField>	
	<myTraceDefField>
      <TTRACE_DEF_FIELD type="ST_LabTool.TTRACE_DEF_DB+TTRACE_DEF_FIELD">
        <TTRACE_DEF_FIELD>
          <valid>true</valid>
          <TraceId>17</TraceId>
          <TraceName>MACDEBUG_SEGM_BYTES</TraceName>
          <TraceString>MAC,Segm,Bytes</TraceString>
         </TTRACE_DEF_FIELD>
      </TTRACE_DEF_FIELD>
	</myTraceDefField>	
	<myTraceDefField>
      <TTRACE_DEF_FIELD type="ST_LabTool.TTRACE_DEF_DB+TTRACE_DEF_FIELD">
        <TTRACE_DEF_FIELD>
          <valid>true</valid>
          <TraceId>18</TraceId>
          <TraceName>MACDEBUG_SEGM_PAYLOAD_LEN</TraceName>
          <TraceString>MAC,Segm,Payload len</TraceString>
         </TTRACE_DEF_FIELD>
      </TTRACE_DEF_FIELD>
	</myTraceDefField>	     
	<myTraceDefField>
      <TTRACE_DEF_FIELD type="ST_LabTool.TTRACE_DEF_DB+TTRACE_DEF_FIELD">
        <TTRACE_DEF_FIELD>
          <valid>true</valid>
          <TraceId>19</TraceId>
          <TraceName>MACDEBUG_SEGM_SEGMENT_SIZE</TraceName>
          <TraceString>MAC,Segm,Segment size</TraceString>
         </TTRACE_DEF_FIELD>
      </TTRACE_DEF_FIELD>
	</myTraceDefField>	
	<myTraceDefField>
      <TTRACE_DEF_FIELD type="ST_LabTool.TTRACE_DEF_DB+TTRACE_DEF_FIELD">
        <TTRACE_DEF_FIELD>
          <valid>true</valid>
          <TraceId>20</TraceId>
          <TraceName>MACDEBUG_SEGM_SEGMENT_PADDING</TraceName>
          <TraceString>MAC,Segm,Segment padding</TraceString>
         </TTRACE_DEF_FIELD>
      </TTRACE_DEF_FIELD>
	</myTraceDefField>	
	<myTraceDefField>
      <TTRACE_DEF_FIELD type="ST_LabTool.TTRACE_DEF_DB+TTRACE_DEF_FIELD">
        <TTRACE_DEF_FIELD>
          <valid>true</valid>
          <TraceId>21</TraceId>
          <TraceName>MACDEBUG_SEGM_SEGSIZE_RS1</TraceName>
          <TraceString>MAC,Segm,RS block 1 segment size</TraceString>
         </TTRACE_DEF_FIELD>
      </TTRACE_DEF_FIELD>
	</myTraceDefField>	         
	<myTraceDefField>
      <TTRACE_DEF_FIELD type="ST_LabTool.TTRACE_DEF_DB+TTRACE_DEF_FIELD">
        <TTRACE_DEF_FIELD>
          <valid>true</valid>
          <TraceId>22</TraceId>
          <TraceName>MACDEBUG_SEGM_SEGSIZE_RS2</TraceName>
          <TraceString>MAC,Segm,RS block 2 segment size</TraceString>
         </TTRACE_DEF_FIELD>
      </TTRACE_DEF_FIELD>
	</myTraceDefField>	  
	<myTraceDefField>
      <TTRACE_DEF_FIELD type="ST_LabTool.TTRACE_DEF_DB+TTRACE_DEF_FIELD">
        <TTRACE_DEF_FIELD>
          <valid>true</valid>
          <TraceId>23</TraceId>
          <TraceName>MACDEBUG_RF_SRCSHORTADDR</TraceName>
          <TraceString>MAC,RF,Src 16bit addr</TraceString>
        </TTRACE_DEF_FIELD>
      </TTRACE_DEF_FIELD>
	</myTraceDefField>	
	<myTraceDefField>
      <TTRACE_DEF_FIELD type="ST_LabTool.TTRACE_DEF_DB+TTRACE_DEF_FIELD">
        <TTRACE_DEF_FIELD>
          <valid>true</valid>
          <TraceId>24</TraceId>
          <TraceName>MACDEBUG_RF_DSTSHORTADDR</TraceName>
          <TraceString>MAC,RF,Dest 16bit addr</TraceString>
        </TTRACE_DEF_FIELD>
      </TTRACE_DEF_FIELD>
	</myTraceDefField>	
	<myTraceDefField>
      <TTRACE_DEF_FIELD type="ST_LabTool.TTRACE_DEF_DB+TTRACE_DEF_FIELD">
        <TTRACE_DEF_FIELD>
          <valid>true</valid>
          <TraceId>25</TraceId>
          <TraceName>MACDEBUG_RF_SRCPANID</TraceName>
          <TraceString>MAC,RF,Src PANId</TraceString>
        </TTRACE_DEF_FIELD>
      </TTRACE_DEF_FIELD>
	</myTraceDefField>	
	<myTraceDefField>
      <TTRACE_DEF_FIELD type="ST_LabTool.TTRACE_DEF_DB+TTRACE_DEF_FIELD">
        <TTRACE_DEF_FIELD>
          <valid>true</valid>
          <TraceId>26</TraceId>
          <TraceName>MACDEBUG_RF_DSTPANID</TraceName>
          <TraceString>MAC,RF,Dst PANId</TraceString>
        </TTRACE_DEF_FIELD>
      </TTRACE_DEF_FIELD>
	</myTraceDefField>	   
	<myTraceDefField>
      <TTRACE_DEF_FIELD type="ST_LabTool.TTRACE_DEF_DB+TTRACE_DEF_FIELD">
        <TTRACE_DEF_FIELD>
          <valid>true</valid>
          <TraceId>27</TraceId>
          <TraceName>MACDEBUG_ADATALEN</TraceName>
          <TraceString>MAC,A-data length</TraceString>
        </TTRACE_DEF_FIELD>
      </TTRACE_DEF_FIELD>
	</myTraceDefField>	    
	<myTraceDefField>
      <TTRACE_DEF_FIELD type="ST_LabTool.TTRACE_DEF_DB+TTRACE_DEF_FIELD">
        <TTRACE_DEF_FIELD>
          <valid>true</valid>
          <TraceId>28</TraceId>
          <TraceName>MACDEBUG_RFPOSTABLE_EXPIRED</TraceName>
          <TraceString>MAC,RF POSTable,Expired dev</TraceString>
        </TTRACE_DEF_FIELD>
      </TTRACE_DEF_FIELD>
	</myTraceDefField>	 
	<myTraceDefField>
      <TTRACE_DEF_FIELD type="ST_LabTool.TTRACE_DEF_DB+TTRACE_DEF_FIELD">
        <TTRACE_DEF_FIELD>
          <valid>true</valid>
          <TraceId>29</TraceId>
          <TraceName>MACDEBUG_RFPOSTABLE_ADDDEV</TraceName>
          <TraceString>MAC,RF POSTable,Add dev</TraceString>
        </TTRACE_DEF_FIELD>
      </TTRACE_DEF_FIELD>
	</myTraceDefField>	
	<myTraceDefField>
      <TTRACE_DEF_FIELD type="ST_LabTool.TTRACE_DEF_DB+TTRACE_DEF_FIELD">
        <TTRACE_DEF_FIELD>
          <valid>true</valid>
          <TraceId>30</TraceId>
          <TraceName>MACDEBUG_CRC16</TraceName>
          <TraceString>MAC,Save duplication with CRC16</TraceString>
        </TTRACE_DEF_FIELD>
      </TTRACE_DEF_FIELD>
	</myTraceDefField>	 
	<myTraceDefField>
      <TTRACE_DEF_FIELD type="ST_LabTool.TTRACE_DEF_DB+TTRACE_DEF_FIELD">
        <TTRACE_DEF_FIELD>
          <valid>true</valid>
          <TraceId>31</TraceId>
          <TraceName>MACDEBUG_PAYLOADLEN</TraceName>
          <TraceString>MAC,Payload len</TraceString>
        </TTRACE_DEF_FIELD>
      </TTRACE_DEF_FIELD>
	</myTraceDefField>    
	<myTraceDefField>
      <TTRACE_DEF_FIELD type="ST_LabTool.TTRACE_DEF_DB+TTRACE_DEF_FIELD">
        <TTRACE_DEF_FIELD>
          <valid>true</valid>
          <TraceId>64</TraceId>
          <TraceName>MACDEBUG_TM_ITER_MOD</TraceName>
          <TraceString>MAC,Tonemap,Mod</TraceString>
         </TTRACE_DEF_FIELD>
      </TTRACE_DEF_FIELD>
	</myTraceDefField>	
	<myTraceDefField>
      <TTRACE_DEF_FIELD type="ST_LabTool.TTRACE_DEF_DB+TTRACE_DEF_FIELD">
        <TTRACE_DEF_FIELD>
          <valid>true</valid>
          <TraceId>65</TraceId>
          <TraceName>MACDEBUG_TM_NUMCARRIERS</TraceName>
          <TraceString>MAC,Tonemap,NumCarriers</TraceString>
         </TTRACE_DEF_FIELD>
      </TTRACE_DEF_FIELD>
	</myTraceDefField>	
	<myTraceDefField>
      <TTRACE_DEF_FIELD type="ST_LabTool.TTRACE_DEF_DB+TTRACE_DEF_FIELD">
        <TTRACE_DEF_FIELD>
          <valid>true</valid>
          <TraceId>66</TraceId>
          <TraceName>MACDEBUG_TM_MINMODSNR</TraceName>
          <TraceString>MAC,Tonemap,MinModSNR</TraceString>
         </TTRACE_DEF_FIELD>
      </TTRACE_DEF_FIELD>
	</myTraceDefField>	
	<myTraceDefField>
      <TTRACE_DEF_FIELD type="ST_LabTool.TTRACE_DEF_DB+TTRACE_DEF_FIELD">
        <TTRACE_DEF_FIELD>
          <valid>true</valid>
          <TraceId>67</TraceId>
          <TraceName>MACDEBUG_TM_USEDEFAULT</TraceName>
          <TraceString>MAC,Tonemap,Use default params</TraceString>
         </TTRACE_DEF_FIELD>
      </TTRACE_DEF_FIELD>
	</myTraceDefField>	   
	<myTraceDefField>
      <TTRACE_DEF_FIELD type="ST_LabTool.TTRACE_DEF_DB+TTRACE_DEF_FIELD">
        <TTRACE_DEF_FIELD>
          <valid>true</valid>
          <TraceId>68</TraceId>
          <TraceName>MACDEBUG_SRCEXTADDR</TraceName>
          <TraceString>MAC,Src 64bit addr</TraceString>
         </TTRACE_DEF_FIELD>
      </TTRACE_DEF_FIELD>
	</myTraceDefField>	
	<myTraceDefField>
      <TTRACE_DEF_FIELD type="ST_LabTool.TTRACE_DEF_DB+TTRACE_DEF_FIELD">
        <TTRACE_DEF_FIELD>
          <valid>true</valid>
          <TraceId>69</TraceId>
          <TraceName>MACDEBUG_DSTEXTADDR</TraceName>
          <TraceString>MAC,Dst 64bit addr</TraceString>
         </TTRACE_DEF_FIELD>
      </TTRACE_DEF_FIELD>
	</myTraceDefField>	
	<myTraceDefField>
      <TTRACE_DEF_FIELD type="ST_LabTool.TTRACE_DEF_DB+TTRACE_DEF_FIELD">
        <TTRACE_DEF_FIELD>
          <valid>true</valid>
          <TraceId>70</TraceId>
          <TraceName>MACDEBUG_SNRCARRIERS</TraceName>
          <TraceString>MAC,SNR carriers</TraceString>
         </TTRACE_DEF_FIELD>
      </TTRACE_DEF_FIELD>
	</myTraceDefField>	
	<myTraceDefField>
      <TTRACE_DEF_FIELD type="ST_LabTool.TTRACE_DEF_DB+TTRACE_DEF_FIELD">
        <TTRACE_DEF_FIELD>
          <valid>true</valid>
          <TraceId>71</TraceId>
          <TraceName>MACDEBUG_FORCEMOD</TraceName>
          <TraceString>MAC,Force mod</TraceString>
         </TTRACE_DEF_FIELD>
      </TTRACE_DEF_FIELD>
	</myTraceDefField>	
	<myTraceDefField>
      <TTRACE_DEF_FIELD type="ST_LabTool.TTRACE_DEF_DB+TTRACE_DEF_FIELD">
        <TTRACE_DEF_FIELD>
          <valid>true</valid>
          <TraceId>72</TraceId>
          <TraceName>MACDEBUG_FORCEDIFF</TraceName>
          <TraceString>MAC,Force diff scheme</TraceString>
         </TTRACE_DEF_FIELD>
      </TTRACE_DEF_FIELD>
	</myTraceDefField>	
	<myTraceDefField>
      <TTRACE_DEF_FIELD type="ST_LabTool.TTRACE_DEF_DB+TTRACE_DEF_FIELD">
        <TTRACE_DEF_FIELD>
          <valid>true</valid>
          <TraceId>73</TraceId>
          <TraceName>MACDEBUG_LQI</TraceName>
          <TraceString>MAC,LQI</TraceString>
         </TTRACE_DEF_FIELD>
      </TTRACE_DEF_FIELD>
	</myTraceDefField>	
	<myTraceDefField>
      <TTRACE_DEF_FIELD type="ST_LabTool.TTRACE_DEF_DB+TTRACE_DEF_FIELD">
        <TTRACE_DEF_FIELD>
          <valid>true</valid>
          <TraceId>74</TraceId>
          <TraceName>MACDEBUG_MODSCH</TraceName>
          <TraceString>MAC,Payload mod scheme</TraceString>
         </TTRACE_DEF_FIELD>
      </TTRACE_DEF_FIELD>
	</myTraceDefField>	
	<myTraceDefField>
      <TTRACE_DEF_FIELD type="ST_LabTool.TTRACE_DEF_DB+TTRACE_DEF_FIELD">
        <TTRACE_DEF_FIELD>
          <valid>true</valid>
          <TraceId>75</TraceId>
          <TraceName>MACDEBUG_MOD</TraceName>
          <TraceString>MAC,Mod</TraceString>
         </TTRACE_DEF_FIELD>
      </TTRACE_DEF_FIELD>
	</myTraceDefField>	
	<myTraceDefField>
      <TTRACE_DEF_FIELD type="ST_LabTool.TTRACE_DEF_DB+TTRACE_DEF_FIELD">
        <TTRACE_DEF_FIELD>
          <valid>true</valid>
          <TraceId>76</TraceId>
          <TraceName>MACDEBUG_TM0_7</TraceName>
          <TraceString>MAC,Tonemap (0-7)</TraceString>
         </TTRACE_DEF_FIELD>
      </TTRACE_DEF_FIELD>
	</myTraceDefField>	
	<myTraceDefField>
      <TTRACE_DEF_FIELD type="ST_LabTool.TTRACE_DEF_DB+TTRACE_DEF_FIELD">
        <TTRACE_DEF_FIELD>
          <valid>true</valid>
          <TraceId>77</TraceId>
          <TraceName>MACDEBUG_TM8_15</TraceName>
          <TraceString>MAC,Tonemap (8-15)</TraceString>
         </TTRACE_DEF_FIELD>
      </TTRACE_DEF_FIELD>
	</myTraceDefField>	
	<myTraceDefField>
      <TTRACE_DEF_FIELD type="ST_LabTool.TTRACE_DEF_DB+TTRACE_DEF_FIELD">
        <TTRACE_DEF_FIELD>
          <valid>true</valid>
          <TraceId>78</TraceId>
          <TraceName>MACDEBUG_TM16_23</TraceName>
          <TraceString>MAC,Tonemap (16-23)</TraceString>
         </TTRACE_DEF_FIELD>
      </TTRACE_DEF_FIELD>
	</myTraceDefField>	
	<myTraceDefField>
      <TTRACE_DEF_FIELD type="ST_LabTool.TTRACE_DEF_DB+TTRACE_DEF_FIELD">
        <TTRACE_DEF_FIELD>
          <valid>true</valid>
          <TraceId>79</TraceId>
          <TraceName>MACDEBUG_TXRES</TraceName>
          <TraceString>MAC,TX Res</TraceString>
         </TTRACE_DEF_FIELD>
      </TTRACE_DEF_FIELD>
	</myTraceDefField>	
	<myTraceDefField>
      <TTRACE_DEF_FIELD type="ST_LabTool.TTRACE_DEF_DB+TTRACE_DEF_FIELD">
        <TTRACE_DEF_FIELD>
          <valid>true</valid>
          <TraceId>80</TraceId>
          <TraceName>MACDEBUG_TXGAIN</TraceName>
          <TraceString>MAC,TX Gain</TraceString>
         </TTRACE_DEF_FIELD>
      </TTRACE_DEF_FIELD>
	</myTraceDefField>	
	<myTraceDefField>
      <TTRACE_DEF_FIELD type="ST_LabTool.TTRACE_DEF_DB+TTRACE_DEF_FIELD">
        <TTRACE_DEF_FIELD>
          <valid>true</valid>
          <TraceId>81</TraceId>
          <TraceName>MACDEBUG_PHASEDIFF</TraceName>
          <TraceString>MAC,Phase diff</TraceString>
         </TTRACE_DEF_FIELD>
      </TTRACE_DEF_FIELD>
	</myTraceDefField>	
	<myTraceDefField>
      <TTRACE_DEF_FIELD type="ST_LabTool.TTRACE_DEF_DB+TTRACE_DEF_FIELD">
        <TTRACE_DEF_FIELD>
          <valid>true</valid>
          <TraceId>82</TraceId>
          <TraceName>MACDEBUG_PHYTXPOWER</TraceName>
          <TraceString>MAC,TX power</TraceString>
         </TTRACE_DEF_FIELD>
      </TTRACE_DEF_FIELD>
	</myTraceDefField>	
	<myTraceDefField>
      <TTRACE_DEF_FIELD type="ST_LabTool.TTRACE_DEF_DB+TTRACE_DEF_FIELD">
        <TTRACE_DEF_FIELD>
          <valid>true</valid>
          <TraceId>83</TraceId>
          <TraceName>MACDEBUG_PHYDT</TraceName>
          <TraceString>MAC,DT</TraceString>
         </TTRACE_DEF_FIELD>
      </TTRACE_DEF_FIELD>
	</myTraceDefField>	
	<myTraceDefField>
      <TTRACE_DEF_FIELD type="ST_LabTool.TTRACE_DEF_DB+TTRACE_DEF_FIELD">
        <TTRACE_DEF_FIELD>
          <valid>true</valid>
          <TraceId>84</TraceId>
          <TraceName>MACDEBUG_SECLEVEL</TraceName>
          <TraceString>MAC,Security level</TraceString>
         </TTRACE_DEF_FIELD>
      </TTRACE_DEF_FIELD>
	</myTraceDefField>	
	<myTraceDefField>
      <TTRACE_DEF_FIELD type="ST_LabTool.TTRACE_DEF_DB+TTRACE_DEF_FIELD">
        <TTRACE_DEF_FIELD>
          <valid>true</valid>
          <TraceId>85</TraceId>
          <TraceName>MACDEBUG_KEYID</TraceName>
          <TraceString>MAC,Key Id</TraceString>
         </TTRACE_DEF_FIELD>
      </TTRACE_DEF_FIELD>
	</myTraceDefField>	
	<myTraceDefField>
      <TTRACE_DEF_FIELD type="ST_LabTool.TTRACE_DEF_DB+TTRACE_DEF_FIELD">
        <TTRACE_DEF_FIELD>
          <valid>true</valid>
          <TraceId>86</TraceId>
          <TraceName>MACDEBUG_ANTIREPLAYERROR</TraceName>
          <TraceString>MAC,Antireplay error</TraceString>
         </TTRACE_DEF_FIELD>
      </TTRACE_DEF_FIELD>
	</myTraceDefField>	
	<myTraceDefField>
      <TTRACE_DEF_FIELD type="ST_LabTool.TTRACE_DEF_DB+TTRACE_DEF_FIELD">
        <TTRACE_DEF_FIELD>
          <valid>true</valid>
          <TraceId>87</TraceId>
          <TraceName>MACDEBUG_DEVICETABLEERROR</TraceName>
          <TraceString>MAC,Device table error</TraceString>
         </TTRACE_DEF_FIELD>
      </TTRACE_DEF_FIELD>
	</myTraceDefField>	
	<myTraceDefField>
      <TTRACE_DEF_FIELD type="ST_LabTool.TTRACE_DEF_DB+TTRACE_DEF_FIELD">
        <TTRACE_DEF_FIELD>
          <valid>true</valid>
          <TraceId>88</TraceId>
          <TraceName>MACDEBUG_AUTHFAILED</TraceName>
          <TraceString>MAC,Authentication failed</TraceString>
         </TTRACE_DEF_FIELD>
      </TTRACE_DEF_FIELD>
	</myTraceDefField>	
	<myTraceDefField>
      <TTRACE_DEF_FIELD type="ST_LabTool.TTRACE_DEF_DB+TTRACE_DEF_FIELD">
        <TTRACE_DEF_FIELD>
          <valid>true</valid>
          <TraceId>89</TraceId>
          <TraceName>MACDEBUG_NTABLE_INV_MODE</TraceName>
          <TraceString>MAC,Ntable,Invalid addr mode</TraceString>
         </TTRACE_DEF_FIELD>
      </TTRACE_DEF_FIELD>
	</myTraceDefField>	
	<myTraceDefField>
      <TTRACE_DEF_FIELD type="ST_LabTool.TTRACE_DEF_DB+TTRACE_DEF_FIELD">
        <TTRACE_DEF_FIELD>
          <valid>true</valid>
          <TraceId>90</TraceId>
          <TraceName>MACDEBUG_NTABLE_INV_BRD</TraceName>
          <TraceString>MAC,Ntable,Invalid brd addr</TraceString>
         </TTRACE_DEF_FIELD>
      </TTRACE_DEF_FIELD>
	</myTraceDefField>	
	<myTraceDefField>
      <TTRACE_DEF_FIELD type="ST_LabTool.TTRACE_DEF_DB+TTRACE_DEF_FIELD">
        <TTRACE_DEF_FIELD>
          <valid>true</valid>
          <TraceId>91</TraceId>
          <TraceName>MACDEBUG_NTABLE_INVALID_TM</TraceName>
          <TraceString>MAC,Ntable,Invalid TM</TraceString>
         </TTRACE_DEF_FIELD>
      </TTRACE_DEF_FIELD>
	</myTraceDefField>	
	<myTraceDefField>
      <TTRACE_DEF_FIELD type="ST_LabTool.TTRACE_DEF_DB+TTRACE_DEF_FIELD">
        <TTRACE_DEF_FIELD>
          <valid>true</valid>
          <TraceId>92</TraceId>
          <TraceName>MACDEBUG_NTABLE_GETPHYPARAMS</TraceName>
          <TraceString>MAC,Ntable,Get PHY params</TraceString>
         </TTRACE_DEF_FIELD>
      </TTRACE_DEF_FIELD>
	</myTraceDefField>	
	<myTraceDefField>
      <TTRACE_DEF_FIELD type="ST_LabTool.TTRACE_DEF_DB+TTRACE_DEF_FIELD">
        <TTRACE_DEF_FIELD>
          <valid>true</valid>
          <TraceId>93</TraceId>
          <TraceName>MACDEBUG_FRAMEHANDLING_ERR</TraceName>
          <TraceString>MAC,Frame handling error</TraceString>
         </TTRACE_DEF_FIELD>
      </TTRACE_DEF_FIELD>
	</myTraceDefField>	
	<myTraceDefField>
      <TTRACE_DEF_FIELD type="ST_LabTool.TTRACE_DEF_DB+TTRACE_DEF_FIELD">
        <TTRACE_DEF_FIELD>
          <valid>true</valid>
          <TraceId>94</TraceId>
          <TraceName>MACDEBUG_REASSEMBLY_SC</TraceName>
          <TraceString>MAC,SegmentCount</TraceString>
         </TTRACE_DEF_FIELD>
      </TTRACE_DEF_FIELD>
	</myTraceDefField>	
	<myTraceDefField>
      <TTRACE_DEF_FIELD type="ST_LabTool.TTRACE_DEF_DB+TTRACE_DEF_FIELD">
        <TTRACE_DEF_FIELD>
          <valid>true</valid>
          <TraceId>95</TraceId>
          <TraceName>MACDEBUG_REASSEMBLY_FIRST</TraceName>
          <TraceString>MAC,1st segment</TraceString>
         </TTRACE_DEF_FIELD>
      </TTRACE_DEF_FIELD>
	</myTraceDefField>	
	<myTraceDefField>
      <TTRACE_DEF_FIELD type="ST_LabTool.TTRACE_DEF_DB+TTRACE_DEF_FIELD">
        <TTRACE_DEF_FIELD>
          <valid>true</valid>
          <TraceId>96</TraceId>
          <TraceName>MACDEBUG_REASSEMBLY_LAST</TraceName>
          <TraceString>MAC,Last segment</TraceString>
         </TTRACE_DEF_FIELD>
      </TTRACE_DEF_FIELD>
	</myTraceDefField>	
	<myTraceDefField>
      <TTRACE_DEF_FIELD type="ST_LabTool.TTRACE_DEF_DB+TTRACE_DEF_FIELD">
        <TTRACE_DEF_FIELD>
          <valid>true</valid>
          <TraceId>97</TraceId>
          <TraceName>MACDEBUG_REASSEMBLY_SCEXP</TraceName>
          <TraceString>MAC,SC expected</TraceString>
         </TTRACE_DEF_FIELD>
      </TTRACE_DEF_FIELD>
	</myTraceDefField>	
	<myTraceDefField>
      <TTRACE_DEF_FIELD type="ST_LabTool.TTRACE_DEF_DB+TTRACE_DEF_FIELD">
        <TTRACE_DEF_FIELD>
          <valid>true</valid>
          <TraceId>98</TraceId>
          <TraceName>MACDEBUG_REASSEMBLY_INTERMEDIATE</TraceName>
          <TraceString>MAC,Intermediate segment</TraceString>
         </TTRACE_DEF_FIELD>
      </TTRACE_DEF_FIELD>
	</myTraceDefField>	
	<myTraceDefField>
      <TTRACE_DEF_FIELD type="ST_LabTool.TTRACE_DEF_DB+TTRACE_DEF_FIELD">
        <TTRACE_DEF_FIELD>
          <valid>true</valid>
          <TraceId>99</TraceId>
          <TraceName>MACDEBUG_CMDHANDLER_BCN_DISC</TraceName>
          <TraceString>MAC,Discard beacon</TraceString>
         </TTRACE_DEF_FIELD>
      </TTRACE_DEF_FIELD>
	</myTraceDefField>	
	<myTraceDefField>
      <TTRACE_DEF_FIELD type="ST_LabTool.TTRACE_DEF_DB+TTRACE_DEF_FIELD">
        <TTRACE_DEF_FIELD>
          <valid>true</valid>
          <TraceId>100</TraceId>
          <TraceName>MACDEBUG_CMDHANDLER_BCN_SEND</TraceName>
          <TraceString>MAC,Send beacon</TraceString>
         </TTRACE_DEF_FIELD>
      </TTRACE_DEF_FIELD>
	</myTraceDefField>	
	<myTraceDefField>
      <TTRACE_DEF_FIELD type="ST_LabTool.TTRACE_DEF_DB+TTRACE_DEF_FIELD">
        <TTRACE_DEF_FIELD>
          <valid>true</valid>
          <TraceId>101</TraceId>
          <TraceName>MACDEBUG_CMDHANDLER_BCN_SCHD</TraceName>
          <TraceString>MAC,Beacon already scheduled</TraceString>
         </TTRACE_DEF_FIELD>
      </TTRACE_DEF_FIELD>
	</myTraceDefField>	
	<myTraceDefField>
      <TTRACE_DEF_FIELD type="ST_LabTool.TTRACE_DEF_DB+TTRACE_DEF_FIELD">
        <TTRACE_DEF_FIELD>
          <valid>true</valid>
          <TraceId>102</TraceId>
          <TraceName>MACDEBUG_CMDHANDLER_BCNREQ</TraceName>
          <TraceString>MAC,Beacon Request</TraceString>
         </TTRACE_DEF_FIELD>
      </TTRACE_DEF_FIELD>
	</myTraceDefField>	
	<myTraceDefField>
      <TTRACE_DEF_FIELD type="ST_LabTool.TTRACE_DEF_DB+TTRACE_DEF_FIELD">
        <TTRACE_DEF_FIELD>
          <valid>true</valid>
          <TraceId>103</TraceId>
          <TraceName>MACDEBUG_CMDHANDLER_TMR</TraceName>
          <TraceString>MAC,ToneMap Response</TraceString>
         </TTRACE_DEF_FIELD>
      </TTRACE_DEF_FIELD>
	</myTraceDefField>	
	<myTraceDefField>
      <TTRACE_DEF_FIELD type="ST_LabTool.TTRACE_DEF_DB+TTRACE_DEF_FIELD">
        <TTRACE_DEF_FIELD>
          <valid>true</valid>
          <TraceId>104</TraceId>
          <TraceName>MACDEBUG_SEGMENTATION_ERR</TraceName>
          <TraceString>MAC,Segmentation,Error</TraceString>
         </TTRACE_DEF_FIELD>
      </TTRACE_DEF_FIELD>
	</myTraceDefField>	
	<myTraceDefField>
      <TTRACE_DEF_FIELD type="ST_LabTool.TTRACE_DEF_DB+TTRACE_DEF_FIELD">
        <TTRACE_DEF_FIELD>
          <valid>true</valid>
          <TraceId>105</TraceId>
          <TraceName>MACDEBUG_SEGMENTATION_INFO</TraceName>
          <TraceString>MAC,Set segmentation info</TraceString>
         </TTRACE_DEF_FIELD>
      </TTRACE_DEF_FIELD>
	</myTraceDefField>	
	<myTraceDefField>
      <TTRACE_DEF_FIELD type="ST_LabTool.TTRACE_DEF_DB+TTRACE_DEF_FIELD">
        <TTRACE_DEF_FIELD>
          <valid>true</valid>
          <TraceId>106</TraceId>
          <TraceName>MACDEBUG_SEGMENT_PDU</TraceName>
          <TraceString>MAC,Segment PDU</TraceString>
         </TTRACE_DEF_FIELD>
      </TTRACE_DEF_FIELD>
	</myTraceDefField>	    
	<myTraceDefField>
      <TTRACE_DEF_FIELD type="ST_LabTool.TTRACE_DEF_DB+TTRACE_DEF_FIELD">
        <TTRACE_DEF_FIELD>
          <valid>true</valid>
          <TraceId>107</TraceId>
          <TraceName>MACDEBUG_SEGMENT_BCN</TraceName>
          <TraceString>MAC,Beacon segment</TraceString>
         </TTRACE_DEF_FIELD>
      </TTRACE_DEF_FIELD>
	</myTraceDefField>	
	<myTraceDefField>
      <TTRACE_DEF_FIELD type="ST_LabTool.TTRACE_DEF_DB+TTRACE_DEF_FIELD">
        <TTRACE_DEF_FIELD>
          <valid>true</valid>
          <TraceId>108</TraceId>
          <TraceName>MACDEBUG_SEGMENT_DATA</TraceName>
          <TraceString>MAC,Data segment</TraceString>
         </TTRACE_DEF_FIELD>
      </TTRACE_DEF_FIELD>
	</myTraceDefField>	
	<myTraceDefField>
      <TTRACE_DEF_FIELD type="ST_LabTool.TTRACE_DEF_DB+TTRACE_DEF_FIELD">
        <TTRACE_DEF_FIELD>
          <valid>true</valid>
          <TraceId>109</TraceId>
          <TraceName>MACDEBUG_SEGMENT_CMD</TraceName>
          <TraceString>MAC,CMD segment</TraceString>
         </TTRACE_DEF_FIELD>
      </TTRACE_DEF_FIELD>
	</myTraceDefField>	
	<myTraceDefField>
      <TTRACE_DEF_FIELD type="ST_LabTool.TTRACE_DEF_DB+TTRACE_DEF_FIELD">
        <TTRACE_DEF_FIELD>
          <valid>true</valid>
          <TraceId>110</TraceId>
          <TraceName>MACDEBUG_SEGM_PILOT</TraceName>
          <TraceString>MAC,Pilots to remove (coherent)</TraceString>
         </TTRACE_DEF_FIELD>
      </TTRACE_DEF_FIELD>
	</myTraceDefField>	
	<myTraceDefField>
      <TTRACE_DEF_FIELD type="ST_LabTool.TTRACE_DEF_DB+TTRACE_DEF_FIELD">
        <TTRACE_DEF_FIELD>
          <valid>true</valid>
          <TraceId>111</TraceId>
          <TraceName>MACDEBUG_SEGM_RS_BKS</TraceName>
          <TraceString>MAC,RS blocks</TraceString>
         </TTRACE_DEF_FIELD>
      </TTRACE_DEF_FIELD>
	</myTraceDefField>	
	<myTraceDefField>
      <TTRACE_DEF_FIELD type="ST_LabTool.TTRACE_DEF_DB+TTRACE_DEF_FIELD">
        <TTRACE_DEF_FIELD>
          <valid>true</valid>
          <TraceId>112</TraceId>
          <TraceName>MACDEBUG_SEGM_SC</TraceName>
          <TraceString>MAC,SegmentCount</TraceString>
         </TTRACE_DEF_FIELD>
      </TTRACE_DEF_FIELD>
	</myTraceDefField>	
	<myTraceDefField>
      <TTRACE_DEF_FIELD type="ST_LabTool.TTRACE_DEF_DB+TTRACE_DEF_FIELD">
        <TTRACE_DEF_FIELD>
          <valid>true</valid>
          <TraceId>113</TraceId>
          <TraceName>MACDEBUG_SEGM_DSN</TraceName>
          <TraceString>MAC,DSN</TraceString>
         </TTRACE_DEF_FIELD>
      </TTRACE_DEF_FIELD>
	</myTraceDefField>	
	<myTraceDefField>
      <TTRACE_DEF_FIELD type="ST_LabTool.TTRACE_DEF_DB+TTRACE_DEF_FIELD">
        <TTRACE_DEF_FIELD>
          <valid>true</valid>
          <TraceId>114</TraceId>
          <TraceName>MACDEBUG_ENCRYPT_PDU</TraceName>
          <TraceString>MAC,Encrypt PDU</TraceString>
         </TTRACE_DEF_FIELD>
      </TTRACE_DEF_FIELD>
	</myTraceDefField>	
	<myTraceDefField>
      <TTRACE_DEF_FIELD type="ST_LabTool.TTRACE_DEF_DB+TTRACE_DEF_FIELD">
        <TTRACE_DEF_FIELD>
          <valid>true</valid>
          <TraceId>115</TraceId>
          <TraceName>MACDEBUG_QUEUEFULL</TraceName>
          <TraceString>MAC,Queue full error</TraceString>
         </TTRACE_DEF_FIELD>
      </TTRACE_DEF_FIELD>
	</myTraceDefField>	  
	<myTraceDefField>
      <TTRACE_DEF_FIELD type="ST_LabTool.TTRACE_DEF_DB+TTRACE_DEF_FIELD">
        <TTRACE_DEF_FIELD>
          <valid>true</valid>
          <TraceId>116</TraceId>
          <TraceName>MACEBUG_CMDHANDLER_BCN_NOTREG</TraceName>
          <TraceString>MAC,Beacon Request while not register</TraceString>
         </TTRACE_DEF_FIELD>
      </TTRACE_DEF_FIELD>
	</myTraceDefField>
	<myTraceDefField>
      <TTRACE_DEF_FIELD type="ST_LabTool.TTRACE_DEF_DB+TTRACE_DEF_FIELD">
        <TTRACE_DEF_FIELD>
          <valid>true</valid>
          <TraceId>117</TraceId>
          <TraceName>MACDEBUG_CMDHANDLER_TMRINVADDR</TraceName>
          <TraceString>MAC,ToneMap Response invalid source address</TraceString>
         </TTRACE_DEF_FIELD>
      </TTRACE_DEF_FIELD>
	</myTraceDefField>		
	<myTraceDefField>
      <TTRACE_DEF_FIELD type="ST_LabTool.TTRACE_DEF_DB+TTRACE_DEF_FIELD">
        <TTRACE_DEF_FIELD>
          <valid>true</valid>
          <TraceId>118</TraceId>
          <TraceString>MAC,RF,Frame received</TraceString>
         </TTRACE_DEF_FIELD>
      </TTRACE_DEF_FIELD>
	</myTraceDefField>	  
	<myTraceDefField>
      <TTRACE_DEF_FIELD type="ST_LabTool.TTRACE_DEF_DB+TTRACE_DEF_FIELD">
        <TTRACE_DEF_FIELD>
          <valid>true</valid>
          <TraceId>119</TraceId>
          <TraceName>MACDEBUG_RF_ACKRCV</TraceName>
          <TraceString>MAC,RF,ACK frame received</TraceString>
         </TTRACE_DEF_FIELD>
      </TTRACE_DEF_FIELD>
	</myTraceDefField>	
	<myTraceDefField>
      <TTRACE_DEF_FIELD type="ST_LabTool.TTRACE_DEF_DB+TTRACE_DEF_FIELD">
        <TTRACE_DEF_FIELD>
          <valid>true</valid>
          <TraceId>120</TraceId>
          <TraceName>MACDEBUG_RF_DROP</TraceName>
          <TraceString>MAC,RF,Drop</TraceString>
        </TTRACE_DEF_FIELD>
      </TTRACE_DEF_FIELD>
	</myTraceDefField> 
	<myTraceDefField>
      <TTRACE_DEF_FIELD type="ST_LabTool.TTRACE_DEF_DB+TTRACE_DEF_FIELD">
        <TTRACE_DEF_FIELD>
          <valid>true</valid>
          <TraceId>121</TraceId>
          <TraceName>MACDEBUG_RF_SRCEXTADDR</TraceName>
          <TraceString>MAC,RF,Src 64bit addr</TraceString>
        </TTRACE_DEF_FIELD>
      </TTRACE_DEF_FIELD>
	</myTraceDefField>	
	<myTraceDefField>
      <TTRACE_DEF_FIELD type="ST_LabTool.TTRACE_DEF_DB+TTRACE_DEF_FIELD">
        <TTRACE_DEF_FIELD>
          <valid>true</valid>
          <TraceId>122</TraceId>
          <TraceName>MACDEBUG_RF_DSTEXTADDR</TraceName>
          <TraceString>MAC,RF,Dst 64bit addr</TraceString>
        </TTRACE_DEF_FIELD>
      </TTRACE_DEF_FIELD>
	</myTraceDefField>  
	<myTraceDefField>
      <TTRACE_DEF_FIELD type="ST_LabTool.TTRACE_DEF_DB+TTRACE_DEF_FIELD">
        <TTRACE_DEF_FIELD>
          <valid>true</valid>
          <TraceId>123</TraceId>
          <TraceName>MACDEBUG_CMDHANDLER_WRONGMEDIATYPE</TraceName>
          <TraceString>MAC,Cmd handler,Wrong media type</TraceString>
         </TTRACE_DEF_FIELD>
      </TTRACE_DEF_FIELD>
	</myTraceDefField>	
	<myTraceDefField>
      <TTRACE_DEF_FIELD type="ST_LabTool.TTRACE_DEF_DB+TTRACE_DEF_FIELD">
        <TTRACE_DEF_FIELD>
          <valid>true</valid>
          <TraceId>124</TraceId>
          <TraceName>MACDEBUG_REASSEMBLY_ERROR</TraceName>
          <TraceString>MAC,Reassembly error</TraceString>
         </TTRACE_DEF_FIELD>
      </TTRACE_DEF_FIELD>
	</myTraceDefField>	 
	<myTraceDefField>
      <TTRACE_DEF_FIELD type="ST_LabTool.TTRACE_DEF_DB+TTRACE_DEF_FIELD">
        <TTRACE_DEF_FIELD>
          <valid>true</valid>
          <TraceId>125</TraceId>
          <TraceName>MACDEBUG_RF_DATASENT</TraceName>
          <TraceString>MAC,RF,Data sent</TraceString>
         </TTRACE_DEF_FIELD>
      </TTRACE_DEF_FIELD>
	</myTraceDefField>	     
	<myTraceDefField>
      <TTRACE_DEF_FIELD type="ST_LabTool.TTRACE_DEF_DB+TTRACE_DEF_FIELD">
        <TTRACE_DEF_FIELD>
          <valid>true</valid>
          <TraceId>126</TraceId>
          <TraceName>MACDEBUG_RF_ACKSENT</TraceName>
          <TraceString>MAC,RF,ACK sent</TraceString>
         </TTRACE_DEF_FIELD>
      </TTRACE_DEF_FIELD>
	</myTraceDefField>	    
	<myTraceDefField>
      <TTRACE_DEF_FIELD type="ST_LabTool.TTRACE_DEF_DB+TTRACE_DEF_FIELD">
        <TTRACE_DEF_FIELD>
          <valid>true</valid>
          <TraceId>127</TraceId>
          <TraceName>MACDEBUG_RF_UNEXPHANDLE</TraceName>
          <TraceString>MAC,RF,Unexpected handle</TraceString>
         </TTRACE_DEF_FIELD>
      </TTRACE_DEF_FIELD>
	</myTraceDefField>	   
	<myTraceDefField>
      <TTRACE_DEF_FIELD type="ST_LabTool.TTRACE_DEF_DB+TTRACE_DEF_FIELD">
        <TTRACE_DEF_FIELD>
          <valid>true</valid>
          <TraceId>128</TraceId>
          <TraceName>MACDEBUG_PLCRF_PLCCONF</TraceName>
          <TraceString>MAC,DataReqFSM,PLCRF PLC confirm</TraceString>
         </TTRACE_DEF_FIELD>
      </TTRACE_DEF_FIELD>
	</myTraceDefField>	
	<myTraceDefField>
      <TTRACE_DEF_FIELD type="ST_LabTool.TTRACE_DEF_DB+TTRACE_DEF_FIELD">
        <TTRACE_DEF_FIELD>
          <valid>true</valid>
          <TraceId>129</TraceId>
          <TraceName>MACDEBUG_PLCRF_RFCONF</TraceName>
          <TraceString>MAC,DataReqFSM,PLCRF RF confirm</TraceString>
         </TTRACE_DEF_FIELD>
      </TTRACE_DEF_FIELD>
	</myTraceDefField>	
	<myTraceDefField>
      <TTRACE_DEF_FIELD type="ST_LabTool.TTRACE_DEF_DB+TTRACE_DEF_FIELD">
        <TTRACE_DEF_FIELD>
          <valid>true</valid>
          <TraceId>130</TraceId>
          <TraceName>MACDEBUG_MACRX_DROP</TraceName>
          <TraceString>MAC,Drop RX MAC frame</TraceString>
         </TTRACE_DEF_FIELD>
      </TTRACE_DEF_FIELD>
	</myTraceDefField>  
	<myTraceDefField>
      <TTRACE_DEF_FIELD type="ST_LabTool.TTRACE_DEF_DB+TTRACE_DEF_FIELD">
        <TTRACE_DEF_FIELD>
          <valid>true</valid>
          <TraceId>131</TraceId>
          <TraceName>MACDEBUG_INVALIDACKREQ</TraceName>
          <TraceString>MAC,Invalid ACK request</TraceString>
         </TTRACE_DEF_FIELD>
      </TTRACE_DEF_FIELD>
	</myTraceDefField>    
	<myTraceDefField>
      <TTRACE_DEF_FIELD type="ST_LabTool.TTRACE_DEF_DB+TTRACE_DEF_FIELD">
        <TTRACE_DEF_FIELD>
          <valid>true</valid>
          <TraceId>132</TraceId>
          <TraceName>MACDEBUG_RSV1</TraceName>
          <TraceString>MAC,Reserved trace point</TraceString>
         </TTRACE_DEF_FIELD>
      </TTRACE_DEF_FIELD>
	</myTraceDefField>	 
	<myTraceDefField>
      <TTRACE_DEF_FIELD type="ST_LabTool.TTRACE_DEF_DB+TTRACE_DEF_FIELD">
        <TTRACE_DEF_FIELD>
          <valid>true</valid>
          <TraceId>133</TraceId>
          <TraceName>MACDEBUG_RSV2</TraceName>
          <TraceString>MAC,Reserved trace point</TraceString>
         </TTRACE_DEF_FIELD>
      </TTRACE_DEF_FIELD>
	</myTraceDefField>	
	<myTraceDefField>
      <TTRACE_DEF_FIELD type="ST_LabTool.TTRACE_DEF_DB+TTRACE_DEF_FIELD">
        <TTRACE_DEF_FIELD>
          <valid>true</valid>
          <TraceId>134</TraceId>
          <TraceName>MACDEBUG_RSV3</TraceName>
          <TraceString>MAC,Reserved trace point</TraceString>
         </TTRACE_DEF_FIELD>
      </TTRACE_DEF_FIELD>
	</myTraceDefField>	
	<myTraceDefField>
      <TTRACE_DEF_FIELD type="ST_LabTool.TTRACE_DEF_DB+TTRACE_DEF_FIELD">
        <TTRACE_DEF_FIELD>
          <valid>true</valid>
          <TraceId>135</TraceId>
          <TraceName>MACDEBUG_RSV4</TraceName>
          <TraceString>MAC,Reserved trace point</TraceString>
         </TTRACE_DEF_FIELD>
      </TTRACE_DEF_FIELD>
	</myTraceDefField>	  
	<myTraceDefField>
      <TTRACE_DEF_FIELD type="ST_LabTool.TTRACE_DEF_DB+TTRACE_DEF_FIELD">
        <TTRACE_DEF_FIELD>
          <valid>true</valid>
          <TraceId>136</TraceId>
          <TraceName>MACDEBUG_WRONGSECLEVEL</TraceName>
          <TraceString>MAC,Wrong security level</TraceString>
         </TTRACE_DEF_FIELD>
      </TTRACE_DEF_FIELD>
	</myTraceDefField>	  
	<myTraceDefField>
      <TTRACE_DEF_FIELD type="ST_LabTool.TTRACE_DEF_DB+TTRACE_DEF_FIELD">
        <TTRACE_DEF_FIELD>
          <valid>true</valid>
          <TraceId>137</TraceId>
          <TraceName>MACDEBUG_IE_ELEMID</TraceName>
          <TraceString>MAC,IE,Elem ID</TraceString>
         </TTRACE_DEF_FIELD>
      </TTRACE_DEF_FIELD>
	</myTraceDefField>	
	<myTraceDefField>
      <TTRACE_DEF_FIELD type="ST_LabTool.TTRACE_DEF_DB+TTRACE_DEF_FIELD">
        <TTRACE_DEF_FIELD>
          <valid>true</valid>
          <TraceId>138</TraceId>
          <TraceName>MACDEBUG_IE_END</TraceName>
          <TraceString>MAC,IE,Processing end</TraceString>
         </TTRACE_DEF_FIELD>
      </TTRACE_DEF_FIELD>
	</myTraceDefField>	
	<myTraceDefField>
      <TTRACE_DEF_FIELD type="ST_LabTool.TTRACE_DEF_DB+TTRACE_DEF_FIELD">
        <TTRACE_DEF_FIELD>
          <valid>true</valid>
          <TraceId>139</TraceId>
          <TraceName>MACDEBUG_IE_SUBID</TraceName>
          <TraceString>MAC,IE,G3-PLC IE Sub ID</TraceString>
         </TTRACE_DEF_FIELD>
      </TTRACE_DEF_FIELD>
	</myTraceDefField>	
	<myTraceDefField>
      <TTRACE_DEF_FIELD type="ST_LabTool.TTRACE_DEF_DB+TTRACE_DEF_FIELD">
        <TTRACE_DEF_FIELD>
          <valid>true</valid>
          <TraceId>140</TraceId>
          <TraceName>MACDEBUG_IE_WRONGCID</TraceName>
          <TraceString>MAC,IE,Wrong CID</TraceString>
         </TTRACE_DEF_FIELD>
      </TTRACE_DEF_FIELD>
	</myTraceDefField>	
	<myTraceDefField>
      <TTRACE_DEF_FIELD type="ST_LabTool.TTRACE_DEF_DB+TTRACE_DEF_FIELD">
        <TTRACE_DEF_FIELD>
          <valid>true</valid>
          <TraceId>141</TraceId>
          <TraceName>MACDEBUG_IE_REVERSELQI</TraceName>
          <TraceString>MAC,IE,Reverse LQI</TraceString>
         </TTRACE_DEF_FIELD>
      </TTRACE_DEF_FIELD>
	</myTraceDefField>	
	<myTraceDefField>
      <TTRACE_DEF_FIELD type="ST_LabTool.TTRACE_DEF_DB+TTRACE_DEF_FIELD">
        <TTRACE_DEF_FIELD>
          <valid>true</valid>
          <TraceId>142</TraceId>
          <TraceName>MACDEBUG_IE_DUTYCYCLE</TraceName>
          <TraceString>MAC,IE,Duty cycle</TraceString>
         </TTRACE_DEF_FIELD>
      </TTRACE_DEF_FIELD>
	</myTraceDefField>	
	<myTraceDefField>
      <TTRACE_DEF_FIELD type="ST_LabTool.TTRACE_DEF_DB+TTRACE_DEF_FIELD">
        <TTRACE_DEF_FIELD>
          <valid>true</valid>
          <TraceId>143</TraceId>
          <TraceName>MACDEBUG_IE_TXPOWEROFFSET</TraceName>
          <TraceString>MAC,IE,TX power offset</TraceString>
         </TTRACE_DEF_FIELD>
      </TTRACE_DEF_FIELD>
	</myTraceDefField>	 
	<myTraceDefField>
      <TTRACE_DEF_FIELD type="ST_LabTool.TTRACE_DEF_DB+TTRACE_DEF_FIELD">
        <TTRACE_DEF_FIELD>
          <valid>true</valid>
          <TraceId>144</TraceId>
          <TraceName>MACDEBUG_ADATA</TraceName>
          <TraceString>MAC,A-data</TraceString>
         </TTRACE_DEF_FIELD>
      </TTRACE_DEF_FIELD>
	</myTraceDefField>
	<myTraceDefField>
      <TTRACE_DEF_FIELD type="ST_LabTool.TTRACE_DEF_DB+TTRACE_DEF_FIELD">
        <TTRACE_DEF_FIELD>
          <valid>true</valid>
          <TraceId>145</TraceId>
          <TraceName>MACDEBUG_NONCE</TraceName>
          <TraceString>MAC,Nonce</TraceString>
         </TTRACE_DEF_FIELD>
      </TTRACE_DEF_FIELD>
	</myTraceDefField>    
	<myTraceDefField>
      <TTRACE_DEF_FIELD type="ST_LabTool.TTRACE_DEF_DB+TTRACE_DEF_FIELD">
        <TTRACE_DEF_FIELD>
          <valid>true</valid>
          <TraceId>146</TraceId>
          <TraceName>MACDEBUG_AUX</TraceName>
          <TraceString>MAC,Aux Sec header</TraceString>
         </TTRACE_DEF_FIELD>
      </TTRACE_DEF_FIELD>
	</myTraceDefField>    
	<myTraceDefField>
      <TTRACE_DEF_FIELD type="ST_LabTool.TTRACE_DEF_DB+TTRACE_DEF_FIELD">
        <TTRACE_DEF_FIELD>
          <valid>true</valid>
          <TraceId>147</TraceId>
          <TraceName>MACDEBUG_RFPOSTABLE_FWDLQI</TraceName>
          <TraceString>MAC,RFPOSTable,Fwd avg LQI</TraceString>
         </TTRACE_DEF_FIELD>
      </TTRACE_DEF_FIELD>
	</myTraceDefField>   
	<myTraceDefField>
      <TTRACE_DEF_FIELD type="ST_LabTool.TTRACE_DEF_DB+TTRACE_DEF_FIELD">
        <TTRACE_DEF_FIELD>
          <valid>true</valid>
          <TraceId>148</TraceId>
          <TraceName>MACDEBUG_RFPOSTABLE_REVLQI</TraceName>
          <TraceString>MAC,RFPOSTable,Rev avg LQI</TraceString>
         </TTRACE_DEF_FIELD>
      </TTRACE_DEF_FIELD>
	</myTraceDefField>   
	<myTraceDefField>
      <TTRACE_DEF_FIELD type="ST_LabTool.TTRACE_DEF_DB+TTRACE_DEF_FIELD">
        <TTRACE_DEF_FIELD>
          <valid>true</valid>
          <TraceId>149</TraceId>
          <TraceName>MACDEBUG_RFPOSTABLE_DC</TraceName>
          <TraceString>MAC,RFPOSTable,Duty cycle</TraceString>
         </TTRACE_DEF_FIELD>
      </TTRACE_DEF_FIELD>
	</myTraceDefField>       
	<myTraceDefField>
      <TTRACE_DEF_FIELD type="ST_LabTool.TTRACE_DEF_DB+TTRACE_DEF_FIELD">
        <TTRACE_DEF_FIELD>
          <valid>true</valid>
          <TraceId>150</TraceId>
          <TraceName>MACDEBUG_DUTYCYCLE_CURRIDX</TraceName>
          <TraceString>MAC,Duty cycle,Idx</TraceString>
         </TTRACE_DEF_FIELD>
      </TTRACE_DEF_FIELD>
	</myTraceDefField>       
	<myTraceDefField>
      <TTRACE_DEF_FIELD type="ST_LabTool.TTRACE_DEF_DB+TTRACE_DEF_FIELD">
        <TTRACE_DEF_FIELD>
          <valid>true</valid>
          <TraceId>151</TraceId>
          <TraceName>MACDEBUG_DUTYCYCLE_MAXIDX</TraceName>
          <TraceString>MAC,Duty cycle,Max Idx</TraceString>
         </TTRACE_DEF_FIELD>
      </TTRACE_DEF_FIELD>
	</myTraceDefField>       
	<myTraceDefField>
      <TTRACE_DEF_FIELD type="ST_LabTool.TTRACE_DEF_DB+TTRACE_DEF_FIELD">
        <TTRACE_DEF_FIELD>
          <valid>true</valid>
          <TraceId>152</TraceId>
          <TraceName>MACDEBUG_DUTYCYCLE_USAGE</TraceName>
          <TraceString>MAC,Duty cycle,Usage</TraceString>
         </TTRACE_DEF_FIELD>
      </TTRACE_DEF_FIELD>
	</myTraceDefField>    
	<myTraceDefField>
      <TTRACE_DEF_FIELD type="ST_LabTool.TTRACE_DEF_DB+TTRACE_DEF_FIELD">
        <TTRACE_DEF_FIELD>
          <valid>true</valid>
          <TraceId>153</TraceId>
          <TraceName>MACDEBUG_RXFWDLQI</TraceName>
          <TraceString>MAC,Rx fwd LQI</TraceString>
         </TTRACE_DEF_FIELD>
      </TTRACE_DEF_FIELD>
	</myTraceDefField>   
	<myTraceDefField>
      <TTRACE_DEF_FIELD type="ST_LabTool.TTRACE_DEF_DB+TTRACE_DEF_FIELD">
        <TTRACE_DEF_FIELD>
          <valid>true</valid>
          <TraceId>154</TraceId>
          <TraceName>MACDEBUG_RXREVLQI</TraceName>
          <TraceString>MAC,Rx rev LQI</TraceString>
         </TTRACE_DEF_FIELD>
      </TTRACE_DEF_FIELD>
	</myTraceDefField>   
	<myTraceDefField>
      <TTRACE_DEF_FIELD type="ST_LabTool.TTRACE_DEF_DB+TTRACE_DEF_FIELD">
        <TTRACE_DEF_FIELD>
          <valid>true</valid>
          <TraceId>155</TraceId>
          <TraceName>MACDEBUG_RXDC</TraceName>
          <TraceString>MAC,Rx duty cycle</TraceString>
         </TTRACE_DEF_FIELD>
      </TTRACE_DEF_FIELD>
	</myTraceDefField>  
	<myTraceDefField>
      <TTRACE_DEF_FIELD type="ST_LabTool.TTRACE_DEF_DB+TTRACE_DEF_FIELD">
        <TTRACE_DEF_FIELD>
          <valid>true</valid>
          <TraceId>156</TraceId>
          <TraceName>MACDEBUG_IE_WRONGEID</TraceName>
          <TraceString>MAC,IE,Wrong Element ID</TraceString>
         </TTRACE_DEF_FIELD>
      </TTRACE_DEF_FIELD>
	</myTraceDefField>	    
	<myTraceDefField>
      <TTRACE_DEF_FIELD type="ST_LabTool.TTRACE_DEF_DB+TTRACE_DEF_FIELD">
        <TTRACE_DEF_FIELD>
          <valid>true</valid>
          <TraceId>157</TraceId>
          <TraceName>MACDEBUG_MIC32</TraceName>
          <TraceString>MAC,MIC32</TraceString>
         </TTRACE_DEF_FIELD>
      </TTRACE_DEF_FIELD>
	</myTraceDefField>	 
	<myTraceDefField>
      <TTRACE_DEF_FIELD type="ST_LabTool.TTRACE_DEF_DB+TTRACE_DEF_FIELD">
        <TTRACE_DEF_FIELD>
          <valid>true</valid>
          <TraceId>158</TraceId>
          <TraceName>MACDEBUG_PANIDCONFLICT_FILTERED</TraceName>
          <TraceString>MAC,PanId conflict filtered</TraceString>
         </TTRACE_DEF_FIELD>
      </TTRACE_DEF_FIELD>
	</myTraceDefField>	
  </myTraceDef_DBXml>
</TXmlFormatTraceDef>