<?xml version="1.0" encoding="utf-8"?>
<TXmlFormatTraceDef xmlns:xsi="http://www.w3.org/2001/XMLSchema-instance" xmlns:xsd="http://www.w3.org/2001/XMLSchema">
  <myTraceDef_DBXml>
    <myTraceDefModule>
      <TTRACE_DEF_MOD type="ST_LabTool.TTRACE_DEF_DB+TTRACE_DEF_MOD">
		<TTRACE_DEF_MOD>
	 	  <valid>true</valid>
          <idGroupTrc>PLC_G3</idGroupTrc>
          <ModId>19</ModId>
          <ModName>BOOT_INFO</ModName> 
		</TTRACE_DEF_MOD>  
      </TTRACE_DEF_MOD>
    </myTraceDefModule>
	<myTraceDefField>
      <TTRACE_DEF_FIELD type="ST_LabTool.TTRACE_DEF_DB+TTRACE_DEF_FIELD">
        <TTRACE_DEF_FIELD>
          <valid>true</valid>
          <TraceId>0</TraceId>
          <TraceName>BOOTINFO_WAITSECONDS</TraceName>
          <TraceString>BOOT,Wait t (s)</TraceString>
         </TTRACE_DEF_FIELD>
      </TTRACE_DEF_FIELD>
	</myTraceDefField>	
	<myTraceDefField>
      <TTRACE_DEF_FIELD type="ST_LabTool.TTRACE_DEF_DB+TTRACE_DEF_FIELD">
        <TTRACE_DEF_FIELD>
          <valid>true</valid>
          <TraceId>1</TraceId>
          <TraceName>BOOTINFO_DEVICEFSM_JOINLBA</TraceName>
          <TraceString>BOOT,DeviceFSM - Join LBA addr</TraceString>
         </TTRACE_DEF_FIELD>
      </TTRACE_DEF_FIELD>
	</myTraceDefField>	
	<myTraceDefField>
      <TTRACE_DEF_FIELD type="ST_LabTool.TTRACE_DEF_DB+TTRACE_DEF_FIELD">
        <TTRACE_DEF_FIELD>
          <valid>true</valid>
          <TraceId>2</TraceId>
          <TraceName>BOOTINFO_DEVICEFSM_JOINPANID</TraceName>
          <TraceString>BOOT,DeviceFSM - Join PANId</TraceString>
         </TTRACE_DEF_FIELD>
      </TTRACE_DEF_FIELD>
	</myTraceDefField>	
	<myTraceDefField>
      <TTRACE_DEF_FIELD type="ST_LabTool.TTRACE_DEF_DB+TTRACE_DEF_FIELD">
        <TTRACE_DEF_FIELD>
          <valid>true</valid>
          <TraceId>3</TraceId>
          <TraceName>BOOTINFO_SERVERFSM_SAMEPANIDFOUND</TraceName>
          <TraceString>BOOT,ServerFSM - PANId found</TraceString>
         </TTRACE_DEF_FIELD>
      </TTRACE_DEF_FIELD>
	</myTraceDefField>	
	<myTraceDefField>
      <TTRACE_DEF_FIELD type="ST_LabTool.TTRACE_DEF_DB+TTRACE_DEF_FIELD">
        <TTRACE_DEF_FIELD>
          <valid>true</valid>
          <TraceId>4</TraceId>
          <TraceName>BOOTINFO_BOOTSERVERJOINING2</TraceName>
          <TraceString>Through LBA </TraceString>
         </TTRACE_DEF_FIELD>
      </TTRACE_DEF_FIELD>
	</myTraceDefField>	      
    <myTraceDefField>
      <TTRACE_DEF_FIELD type="ST_LabTool.TTRACE_DEF_DB+TTRACE_DEF_FIELD">
        <TTRACE_DEF_FIELD>
          <valid>true</valid>
          <TraceId>64</TraceId>
          <TraceName>BOOTINFO_BOOTSERVERSTART_REQ</TraceName>
          <TraceString>BOOT,BOOT-SERVER-START.Request</TraceString>
         </TTRACE_DEF_FIELD>
      </TTRACE_DEF_FIELD>
	</myTraceDefField>		
    <myTraceDefField>
      <TTRACE_DEF_FIELD type="ST_LabTool.TTRACE_DEF_DB+TTRACE_DEF_FIELD">
        <TTRACE_DEF_FIELD>
          <valid>true</valid>
          <TraceId>65</TraceId>
          <TraceName>BOOTINFO_BOOTSERVERSTART_CONF</TraceName>
          <TraceString>BOOT,BOOT-SERVER-START.Confirm</TraceString>
         </TTRACE_DEF_FIELD>
      </TTRACE_DEF_FIELD>
	</myTraceDefField>		
    <myTraceDefField>
      <TTRACE_DEF_FIELD type="ST_LabTool.TTRACE_DEF_DB+TTRACE_DEF_FIELD">
        <TTRACE_DEF_FIELD>
          <valid>true</valid>
          <TraceId>66</TraceId>
          <TraceName>BOOTINFO_BOOTSERVERSTOP_REQ</TraceName>
          <TraceString>BOOT,BOOT-SERVER-STOP.Request</TraceString>
         </TTRACE_DEF_FIELD>
      </TTRACE_DEF_FIELD>
	</myTraceDefField>		
    <myTraceDefField>
      <TTRACE_DEF_FIELD type="ST_LabTool.TTRACE_DEF_DB+TTRACE_DEF_FIELD">
        <TTRACE_DEF_FIELD>
          <valid>true</valid>
          <TraceId>67</TraceId>
          <TraceName>BOOTINFO_BOOTSERVERSTOP_CONF</TraceName>
          <TraceString>BOOT,BOOT-SERVER-STOP.Confirm</TraceString>
         </TTRACE_DEF_FIELD>
      </TTRACE_DEF_FIELD>
	</myTraceDefField>		
    <myTraceDefField>
      <TTRACE_DEF_FIELD type="ST_LabTool.TTRACE_DEF_DB+TTRACE_DEF_FIELD">
        <TTRACE_DEF_FIELD>
          <valid>true</valid>
          <TraceId>68</TraceId>
          <TraceName>BOOTINFO_BOOTSERVERKICK_REQ</TraceName>
          <TraceString>BOOT,BOOT-SERVER-KICK.Request</TraceString>
         </TTRACE_DEF_FIELD>
      </TTRACE_DEF_FIELD>
	</myTraceDefField>		
    <myTraceDefField>
      <TTRACE_DEF_FIELD type="ST_LabTool.TTRACE_DEF_DB+TTRACE_DEF_FIELD">
        <TTRACE_DEF_FIELD>
          <valid>true</valid>
          <TraceId>69</TraceId>
          <TraceName>BOOTINFO_BOOTSERVERKICK_CONF</TraceName>
          <TraceString>BOOT,BOOT-SERVER-KICK.Confirm</TraceString>
         </TTRACE_DEF_FIELD>
      </TTRACE_DEF_FIELD>
	</myTraceDefField>		
    <myTraceDefField>
      <TTRACE_DEF_FIELD type="ST_LabTool.TTRACE_DEF_DB+TTRACE_DEF_FIELD">
        <TTRACE_DEF_FIELD>
          <valid>true</valid>
          <TraceId>70</TraceId>
          <TraceName>BOOTINFO_BOOTSERVERLEAVE_IND</TraceName>
          <TraceString>BOOT,BOOT-SERVER-LEAVE.Indication</TraceString>
         </TTRACE_DEF_FIELD>
      </TTRACE_DEF_FIELD>
	</myTraceDefField>	    
    <myTraceDefField>
      <TTRACE_DEF_FIELD type="ST_LabTool.TTRACE_DEF_DB+TTRACE_DEF_FIELD">
        <TTRACE_DEF_FIELD>
          <valid>true</valid>
          <TraceId>71</TraceId>
          <TraceName>BOOTINFO_BOOTSERVERJOIN_IND</TraceName>
          <TraceString>BOOT,BOOT-SERVER-JOIN.Indication</TraceString>
         </TTRACE_DEF_FIELD>
      </TTRACE_DEF_FIELD>
	</myTraceDefField>	    
    <myTraceDefField>
      <TTRACE_DEF_FIELD type="ST_LabTool.TTRACE_DEF_DB+TTRACE_DEF_FIELD">
        <TTRACE_DEF_FIELD>
          <valid>true</valid>
          <TraceId>72</TraceId>
          <TraceName>BOOTINFO_BOOTDEVICESTART_REQ</TraceName>
          <TraceString>BOOT,BOOT-DEVICE-START.Request</TraceString>
         </TTRACE_DEF_FIELD>
      </TTRACE_DEF_FIELD>
	</myTraceDefField>	    
    <myTraceDefField>
      <TTRACE_DEF_FIELD type="ST_LabTool.TTRACE_DEF_DB+TTRACE_DEF_FIELD">
        <TTRACE_DEF_FIELD>
          <valid>true</valid>
          <TraceId>73</TraceId>
          <TraceName>BOOTINFO_BOOTDEVICESTART_CONF</TraceName>
          <TraceString>BOOT,BOOT-DEVICE-START.Confirm</TraceString>
         </TTRACE_DEF_FIELD>
      </TTRACE_DEF_FIELD>
	</myTraceDefField>	
    <myTraceDefField>
      <TTRACE_DEF_FIELD type="ST_LabTool.TTRACE_DEF_DB+TTRACE_DEF_FIELD">
        <TTRACE_DEF_FIELD>
          <valid>true</valid>
          <TraceId>74</TraceId>
          <TraceName>BOOTINFO_BOOTDEVICELEAVE_REQ</TraceName>
          <TraceString>BOOT,BOOT-DEVICE-LEAVE.Request</TraceString>
         </TTRACE_DEF_FIELD>
      </TTRACE_DEF_FIELD>
	</myTraceDefField>	
    <myTraceDefField>
      <TTRACE_DEF_FIELD type="ST_LabTool.TTRACE_DEF_DB+TTRACE_DEF_FIELD">
        <TTRACE_DEF_FIELD>
          <valid>true</valid>
          <TraceId>75</TraceId>
          <TraceName>BOOTINFO_BOOTDEVICELEAVE_CONF</TraceName>
          <TraceString>BOOT,BOOT-DEVICE-LEAVE.Confirm</TraceString>
         </TTRACE_DEF_FIELD>
      </TTRACE_DEF_FIELD>
	</myTraceDefField>	
    <myTraceDefField>
      <TTRACE_DEF_FIELD type="ST_LabTool.TTRACE_DEF_DB+TTRACE_DEF_FIELD">
        <TTRACE_DEF_FIELD>
          <valid>true</valid>
          <TraceId>76</TraceId>
          <TraceName>BOOTINFO_BOOTDEVICELEAVE_IND</TraceName>
          <TraceString>BOOT,BOOT-DEVICE-LEAVE.Indication</TraceString>
         </TTRACE_DEF_FIELD>
      </TTRACE_DEF_FIELD>
	</myTraceDefField>	
    <myTraceDefField>
      <TTRACE_DEF_FIELD type="ST_LabTool.TTRACE_DEF_DB+TTRACE_DEF_FIELD">
        <TTRACE_DEF_FIELD>
          <valid>true</valid>
          <TraceId>77</TraceId>
          <TraceName>BOOTINFO_BOOTGET_REQ</TraceName>
          <TraceString>BOOT,BOOT-GET.Request</TraceString>
         </TTRACE_DEF_FIELD>
      </TTRACE_DEF_FIELD>
	</myTraceDefField>	    
    <myTraceDefField>
      <TTRACE_DEF_FIELD type="ST_LabTool.TTRACE_DEF_DB+TTRACE_DEF_FIELD">
        <TTRACE_DEF_FIELD>
          <valid>true</valid>
          <TraceId>78</TraceId>
          <TraceName>BOOTINFO_BOOTGET_CONF</TraceName>
          <TraceString>BOOT,BOOT-GET.Confirm</TraceString>
         </TTRACE_DEF_FIELD>
      </TTRACE_DEF_FIELD>
	</myTraceDefField>	 
    <myTraceDefField>
      <TTRACE_DEF_FIELD type="ST_LabTool.TTRACE_DEF_DB+TTRACE_DEF_FIELD">
        <TTRACE_DEF_FIELD>
          <valid>true</valid>
          <TraceId>79</TraceId>
          <TraceName>BOOTINFO_BOOTSET_REQ</TraceName>
          <TraceString>BOOT,BOOT-SET.Request</TraceString>
         </TTRACE_DEF_FIELD>
      </TTRACE_DEF_FIELD>
	</myTraceDefField>	 
    <myTraceDefField>
      <TTRACE_DEF_FIELD type="ST_LabTool.TTRACE_DEF_DB+TTRACE_DEF_FIELD">
        <TTRACE_DEF_FIELD>
          <valid>true</valid>
          <TraceId>80</TraceId>
          <TraceName>BOOTINFO_BOOTSET_CONF</TraceName>
          <TraceString>BOOT,BOOT-SET.Confirm</TraceString>
         </TTRACE_DEF_FIELD>
      </TTRACE_DEF_FIELD>
	</myTraceDefField>	    
    <myTraceDefField>
      <TTRACE_DEF_FIELD type="ST_LabTool.TTRACE_DEF_DB+TTRACE_DEF_FIELD">
        <TTRACE_DEF_FIELD>
          <valid>true</valid>
          <TraceId>81</TraceId>
          <TraceName>BOOTINFO_MEM_ALLOC_ERROR</TraceName>
          <TraceString>BOOT,ERROR - Memory allocation</TraceString>
         </TTRACE_DEF_FIELD>
      </TTRACE_DEF_FIELD>
	</myTraceDefField>	     
    <myTraceDefField>
      <TTRACE_DEF_FIELD type="ST_LabTool.TTRACE_DEF_DB+TTRACE_DEF_FIELD">
        <TTRACE_DEF_FIELD>
          <valid>true</valid>
          <TraceId>82</TraceId>
          <TraceName>BOOTINFO_DEVICENOTCONNECTED</TraceName>
          <TraceString>BOOT,ERROR - Device not connected</TraceString>
         </TTRACE_DEF_FIELD>
      </TTRACE_DEF_FIELD>
	</myTraceDefField>
    <myTraceDefField>
      <TTRACE_DEF_FIELD type="ST_LabTool.TTRACE_DEF_DB+TTRACE_DEF_FIELD">
        <TTRACE_DEF_FIELD>
          <valid>true</valid>
          <TraceId>83</TraceId>
          <TraceName>BOOTINFO_GENERICFSM_NULLHND_ST</TraceName>
          <TraceString>BOOT,Null handler - State</TraceString>
         </TTRACE_DEF_FIELD>
      </TTRACE_DEF_FIELD>
	</myTraceDefField>		
    <myTraceDefField>
      <TTRACE_DEF_FIELD type="ST_LabTool.TTRACE_DEF_DB+TTRACE_DEF_FIELD">
        <TTRACE_DEF_FIELD>
          <valid>true</valid>
          <TraceId>84</TraceId>
          <TraceName>BOOTINFO_GENERICFSM_NULLHND_EV</TraceName>
          <TraceString>BOOT,Null handler - Event</TraceString>
         </TTRACE_DEF_FIELD>
      </TTRACE_DEF_FIELD>
	</myTraceDefField>		
    <myTraceDefField>
      <TTRACE_DEF_FIELD type="ST_LabTool.TTRACE_DEF_DB+TTRACE_DEF_FIELD">
        <TTRACE_DEF_FIELD>
          <valid>true</valid>
          <TraceId>85</TraceId>
          <TraceName>BOOTINFO_DEVICEFSM_RSV1</TraceName>
          <TraceString>BOOT,Reserved1</TraceString>
         </TTRACE_DEF_FIELD>
      </TTRACE_DEF_FIELD>
	</myTraceDefField>		
    <myTraceDefField>
      <TTRACE_DEF_FIELD type="ST_LabTool.TTRACE_DEF_DB+TTRACE_DEF_FIELD">
        <TTRACE_DEF_FIELD>
          <valid>true</valid>
          <TraceId>86</TraceId>
          <TraceName>BOOTINFO_DEVICEFSM_JOINMEDIA</TraceName>
          <TraceString>BOOT,DeviceFSM - Join media</TraceString>
         </TTRACE_DEF_FIELD>
      </TTRACE_DEF_FIELD>
	</myTraceDefField>		
    <myTraceDefField>
      <TTRACE_DEF_FIELD type="ST_LabTool.TTRACE_DEF_DB+TTRACE_DEF_FIELD">
        <TTRACE_DEF_FIELD>
          <valid>true</valid>
          <TraceId>87</TraceId>
          <TraceName>BOOTINFO_DEVICEFSM_JOINNEXTLBA</TraceName>
          <TraceString>BOOT,DeviceFSM - Join next LBA</TraceString>
         </TTRACE_DEF_FIELD>
      </TTRACE_DEF_FIELD>
	</myTraceDefField>		
    <myTraceDefField>
      <TTRACE_DEF_FIELD type="ST_LabTool.TTRACE_DEF_DB+TTRACE_DEF_FIELD">
        <TTRACE_DEF_FIELD>
          <valid>true</valid>
          <TraceId>88</TraceId>
          <TraceName>BOOTINFO_DEVICEFSM_SLEEP</TraceName>
          <TraceString>BOOT,DeviceFSM - Sleep</TraceString>
         </TTRACE_DEF_FIELD>
      </TTRACE_DEF_FIELD>
	</myTraceDefField>		
    <myTraceDefField>
      <TTRACE_DEF_FIELD type="ST_LabTool.TTRACE_DEF_DB+TTRACE_DEF_FIELD">
        <TTRACE_DEF_FIELD>
          <valid>true</valid>
          <TraceId>89</TraceId>
          <TraceName>BOOTINFO_DEVICEFSM_FASTRESTORE</TraceName>
          <TraceString>BOOT,DeviceFSM - Fast restore</TraceString>
         </TTRACE_DEF_FIELD>
      </TTRACE_DEF_FIELD>
	</myTraceDefField>	 
    <myTraceDefField>
      <TTRACE_DEF_FIELD type="ST_LabTool.TTRACE_DEF_DB+TTRACE_DEF_FIELD">
        <TTRACE_DEF_FIELD>
          <valid>true</valid>
          <TraceId>90</TraceId>
          <TraceName>BOOTINFO_SERVERFSM_STATE</TraceName>
          <TraceString>BOOT,ServerFSM - State</TraceString>
         </TTRACE_DEF_FIELD>
      </TTRACE_DEF_FIELD>
	</myTraceDefField>	    
    <myTraceDefField>
      <TTRACE_DEF_FIELD type="ST_LabTool.TTRACE_DEF_DB+TTRACE_DEF_FIELD">
        <TTRACE_DEF_FIELD>
          <valid>true</valid>
          <TraceId>91</TraceId>
          <TraceName>BOOTINFO_SERVERFSM_EVENT</TraceName>
          <TraceString>BOOT,ServerFSM - Event</TraceString>
         </TTRACE_DEF_FIELD>
      </TTRACE_DEF_FIELD>
	</myTraceDefField>	     
    <myTraceDefField>
      <TTRACE_DEF_FIELD type="ST_LabTool.TTRACE_DEF_DB+TTRACE_DEF_FIELD">
        <TTRACE_DEF_FIELD>
          <valid>true</valid>
          <TraceId>92</TraceId>
          <TraceName>BOOTINFO_SERVERFSM_FASTRESTORE</TraceName>
          <TraceString>BOOT,ServerFSM - Fast restore</TraceString>
         </TTRACE_DEF_FIELD>
      </TTRACE_DEF_FIELD>
	</myTraceDefField>
    <myTraceDefField>
      <TTRACE_DEF_FIELD type="ST_LabTool.TTRACE_DEF_DB+TTRACE_DEF_FIELD">
        <TTRACE_DEF_FIELD>
          <valid>true</valid>
          <TraceId>93</TraceId>
          <TraceName>BOOTINFO_SERVERFSM_OTHERPANIDFOUND</TraceName>
          <TraceString>BOOT,ServerFSM - Other PANId found</TraceString>
         </TTRACE_DEF_FIELD>
      </TTRACE_DEF_FIELD>
	</myTraceDefField>	
    <myTraceDefField>
      <TTRACE_DEF_FIELD type="ST_LabTool.TTRACE_DEF_DB+TTRACE_DEF_FIELD">
        <TTRACE_DEF_FIELD>
          <valid>true</valid>
          <TraceId>94</TraceId>
          <TraceName>BOOTINFO_SERVERFSM_BOOTSERVERJOINING</TraceName>
          <TraceString>BOOT,ServerFSM - LBD Extended Address 0x</TraceString>
         </TTRACE_DEF_FIELD>
      </TTRACE_DEF_FIELD>
	</myTraceDefField>
    <myTraceDefField>
      <TTRACE_DEF_FIELD type="ST_LabTool.TTRACE_DEF_DB+TTRACE_DEF_FIELD">
        <TTRACE_DEF_FIELD>
          <valid>true</valid>
          <TraceId>95</TraceId>
          <TraceName>BOOTINFO_SERVERFSM_BOOTSERVERJOINING3</TraceName>
          <TraceString>BOOT,ServerFSM - Direct connection</TraceString>
         </TTRACE_DEF_FIELD>
      </TTRACE_DEF_FIELD>
	</myTraceDefField>
    <myTraceDefField>
      <TTRACE_DEF_FIELD type="ST_LabTool.TTRACE_DEF_DB+TTRACE_DEF_FIELD">
        <TTRACE_DEF_FIELD>
          <valid>true</valid>
          <TraceId>96</TraceId>
          <TraceName>BOOTINFO_DEVICEFSM_JOINSAMELBA</TraceName>
          <TraceString>BOOT,DeviceFSM - Join same LBA</TraceString>
         </TTRACE_DEF_FIELD>
      </TTRACE_DEF_FIELD>
	</myTraceDefField>
    <myTraceDefField>
      <TTRACE_DEF_FIELD type="ST_LabTool.TTRACE_DEF_DB+TTRACE_DEF_FIELD">
        <TTRACE_DEF_FIELD>
          <valid>true</valid>
          <TraceId>97</TraceId>
          <TraceName>BOOTINFO_BOOTDEVICEPANSORT_IND</TraceName>
          <TraceString>BOOT,BOOT-DEVICE-PANSORT.Indication</TraceString>
         </TTRACE_DEF_FIELD>
      </TTRACE_DEF_FIELD>
	</myTraceDefField>       
    <myTraceDefField>
      <TTRACE_DEF_FIELD type="ST_LabTool.TTRACE_DEF_DB+TTRACE_DEF_FIELD">
        <TTRACE_DEF_FIELD>
          <valid>true</valid>
          <TraceId>98</TraceId>
          <TraceName>BOOTINFO_BOOTDEVICEPANSORT_REQ</TraceName>
          <TraceString>BOOT,BOOT-DEVICE-PANSORT.Request</TraceString>
         </TTRACE_DEF_FIELD>
      </TTRACE_DEF_FIELD>
	</myTraceDefField>   
    <myTraceDefField>
      <TTRACE_DEF_FIELD type="ST_LabTool.TTRACE_DEF_DB+TTRACE_DEF_FIELD">
        <TTRACE_DEF_FIELD>
          <valid>true</valid>
          <TraceId>99</TraceId>
          <TraceName>BOOTINFO_BOOTDEVICEPANSORT_CONF</TraceName>
          <TraceString>BOOT,BOOT-DEVICE-PANSORT.Confirm</TraceString>
         </TTRACE_DEF_FIELD>
      </TTRACE_DEF_FIELD>
	</myTraceDefField>       
    <myTraceDefField>
      <TTRACE_DEF_FIELD type="ST_LabTool.TTRACE_DEF_DB+TTRACE_DEF_FIELD">
        <TTRACE_DEF_FIELD>
          <valid>true</valid>
          <TraceId>100</TraceId>
          <TraceName>BOOTINFO_BOOTSERVERGETPSK_IND</TraceName>
          <TraceString>BOOT,BOOT-SERVER-GETPSK.Indication</TraceString>
         </TTRACE_DEF_FIELD>
      </TTRACE_DEF_FIELD>
	</myTraceDefField>       
    <myTraceDefField>
      <TTRACE_DEF_FIELD type="ST_LabTool.TTRACE_DEF_DB+TTRACE_DEF_FIELD">
        <TTRACE_DEF_FIELD>
          <valid>true</valid>
          <TraceId>101</TraceId>
          <TraceName>BOOTINFO_BOOTSERVERSETPSK_REQ</TraceName>
          <TraceString>BOOT,BOOT-SERVER-SETPSK.Request</TraceString>
         </TTRACE_DEF_FIELD>
      </TTRACE_DEF_FIELD>
	</myTraceDefField>   
    <myTraceDefField>
      <TTRACE_DEF_FIELD type="ST_LabTool.TTRACE_DEF_DB+TTRACE_DEF_FIELD">
        <TTRACE_DEF_FIELD>
          <valid>true</valid>
          <TraceId>102</TraceId>
          <TraceName>BOOTINFO_BOOTSERVERSETPSK_CONF</TraceName>
          <TraceString>BOOT,BOOT-SERVER-SETPSK.Confirm</TraceString>
         </TTRACE_DEF_FIELD>
      </TTRACE_DEF_FIELD>
	</myTraceDefField>     
   
  </myTraceDef_DBXml>
</TXmlFormatTraceDef>