<?xml version="1.0" encoding="utf-8"?>
<TXmlFormatTraceDef xmlns:xsi="http://www.w3.org/2001/XMLSchema-instance" xmlns:xsd="http://www.w3.org/2001/XMLSchema">
  <myTraceDef_DBXml>
    <myTraceDefModule>
      <TTRACE_DEF_MOD type="ST_LabTool.TTRACE_DEF_DB+TTRACE_DEF_MOD">
		<TTRACE_DEF_MOD>
	 	  <valid>true</valid>
          <idGroupTrc>PLC_G3</idGroupTrc>
          <ModId>20</ModId>
          <ModName>G3LIB_INFO</ModName> 
		</TTRACE_DEF_MOD>  
      </TTRACE_DEF_MOD>
    </myTraceDefModule>
	<myTraceDefField>
      <TTRACE_DEF_FIELD type="ST_LabTool.TTRACE_DEF_DB+TTRACE_DEF_FIELD">
        <TTRACE_DEF_FIELD>
          <valid>true</valid>
          <TraceId>0</TraceId>
          <TraceName>TRACE_G3LIBINFO_LOADNGSEQNUM</TraceName>
          <TraceString>G3L,LOADng seq num</TraceString>
         </TTRACE_DEF_FIELD>
      </TTRACE_DEF_FIELD>
	</myTraceDefField>	
    <myTraceDefField>
      <TTRACE_DEF_FIELD type="ST_LabTool.TTRACE_DEF_DB+TTRACE_DEF_FIELD">
        <TTRACE_DEF_FIELD>
          <valid>true</valid>
          <TraceId>1</TraceId>
          <TraceName>G3LIBINFO_MEMPOOLALLOCATIONFAIL</TraceName>
          <TraceString>G3L,Faild to allocate block of </TraceString>
         </TTRACE_DEF_FIELD>
      </TTRACE_DEF_FIELD>
	</myTraceDefField>
    <myTraceDefField>
      <TTRACE_DEF_FIELD type="ST_LabTool.TTRACE_DEF_DB+TTRACE_DEF_FIELD">
        <TTRACE_DEF_FIELD>
          <valid>true</valid>
          <TraceId>2</TraceId>
          <TraceName>TRACE_G3LIBINFO_ATTRVALUE_16BIT</TraceName>
          <TraceString>G3L,Attr value</TraceString>
         </TTRACE_DEF_FIELD>
      </TTRACE_DEF_FIELD>
	</myTraceDefField>	
    <myTraceDefField>
      <TTRACE_DEF_FIELD type="ST_LabTool.TTRACE_DEF_DB+TTRACE_DEF_FIELD">
        <TTRACE_DEF_FIELD>
          <valid>true</valid>
          <TraceId>3</TraceId>
          <TraceName>TRACE_G3LIBINFO_ATTRINDEX</TraceName>
          <TraceString>G3L,Attr index</TraceString>
         </TTRACE_DEF_FIELD>
      </TTRACE_DEF_FIELD>
	</myTraceDefField>	  
  
    <myTraceDefField>
      <TTRACE_DEF_FIELD type="ST_LabTool.TTRACE_DEF_DB+TTRACE_DEF_FIELD">
        <TTRACE_DEF_FIELD>
          <valid>true</valid>
          <TraceId>64</TraceId>
          <TraceName>TRACE_G3LIBINFO_G3LIBSWRESET_REQ</TraceName>
          <TraceString>G3L,G3LIB-SWRESET.Request</TraceString>
         </TTRACE_DEF_FIELD>
      </TTRACE_DEF_FIELD>
	</myTraceDefField>		
    <myTraceDefField>
      <TTRACE_DEF_FIELD type="ST_LabTool.TTRACE_DEF_DB+TTRACE_DEF_FIELD">
        <TTRACE_DEF_FIELD>
          <valid>true</valid>
          <TraceId>65</TraceId>
          <TraceName>TRACE_G3LIBINFO_G3LIBSWRESET_CONF</TraceName>
          <TraceString>G3L,G3LIB-SWRESET.Confirm</TraceString>
         </TTRACE_DEF_FIELD>
      </TTRACE_DEF_FIELD>
	</myTraceDefField>		
    <myTraceDefField>
      <TTRACE_DEF_FIELD type="ST_LabTool.TTRACE_DEF_DB+TTRACE_DEF_FIELD">
        <TTRACE_DEF_FIELD>
          <valid>true</valid>
          <TraceId>66</TraceId>
          <TraceName>TRACE_G3LIBINFO_G3LIBTESTMODE_REQ</TraceName>
          <TraceString>G3L,G3LIB-TESTMODE.Request</TraceString>
         </TTRACE_DEF_FIELD>
      </TTRACE_DEF_FIELD>
	</myTraceDefField>		
    <myTraceDefField>
      <TTRACE_DEF_FIELD type="ST_LabTool.TTRACE_DEF_DB+TTRACE_DEF_FIELD">
        <TTRACE_DEF_FIELD>
          <valid>true</valid>
          <TraceId>67</TraceId>
          <TraceName>TRACE_G3LIBINFO_G3LIBTESTMODE_CONF</TraceName>
          <TraceString>G3L,G3LIB-TESTMODE.Confirm</TraceString>
         </TTRACE_DEF_FIELD>
      </TTRACE_DEF_FIELD>
	</myTraceDefField>		
    <myTraceDefField>
      <TTRACE_DEF_FIELD type="ST_LabTool.TTRACE_DEF_DB+TTRACE_DEF_FIELD">
        <TTRACE_DEF_FIELD>
          <valid>true</valid>
          <TraceId>68</TraceId>
          <TraceName>TRACE_G3LIBINFO_G3LIBSET_REQ</TraceName>
          <TraceString>G3L,G3LIB-SET.Request</TraceString>
         </TTRACE_DEF_FIELD>
      </TTRACE_DEF_FIELD>
	</myTraceDefField>		
    <myTraceDefField>
      <TTRACE_DEF_FIELD type="ST_LabTool.TTRACE_DEF_DB+TTRACE_DEF_FIELD">
        <TTRACE_DEF_FIELD>
          <valid>true</valid>
          <TraceId>69</TraceId>
          <TraceName>TRACE_G3LIBINFO_G3LIBSET_CONF</TraceName>
          <TraceString>G3L,G3LIB-SET.Confirm</TraceString>
         </TTRACE_DEF_FIELD>
      </TTRACE_DEF_FIELD>
	</myTraceDefField>		
    <myTraceDefField>
      <TTRACE_DEF_FIELD type="ST_LabTool.TTRACE_DEF_DB+TTRACE_DEF_FIELD">
        <TTRACE_DEF_FIELD>
          <valid>true</valid>
          <TraceId>70</TraceId>
          <TraceName>TRACE_G3LIBINFO_G3LIBGET_REQ</TraceName>
          <TraceString>G3L,G3LIB-GET.Request</TraceString>
         </TTRACE_DEF_FIELD>
      </TTRACE_DEF_FIELD>
	</myTraceDefField>	    
    <myTraceDefField>
      <TTRACE_DEF_FIELD type="ST_LabTool.TTRACE_DEF_DB+TTRACE_DEF_FIELD">
        <TTRACE_DEF_FIELD>
          <valid>true</valid>
          <TraceId>71</TraceId>
          <TraceName>TRACE_G3LIBINFO_G3LIBGET_CONF</TraceName>
          <TraceString>G3L,G3LIB-GET.Confirm</TraceString>
         </TTRACE_DEF_FIELD>
      </TTRACE_DEF_FIELD>
	</myTraceDefField>	    
    <myTraceDefField>
      <TTRACE_DEF_FIELD type="ST_LabTool.TTRACE_DEF_DB+TTRACE_DEF_FIELD">
        <TTRACE_DEF_FIELD>
          <valid>true</valid>
          <TraceId>72</TraceId>
          <TraceName>TRACE_G3LIBINFO_PEVERSION</TraceName>
          <TraceString>G3L,PE version</TraceString>
         </TTRACE_DEF_FIELD>
      </TTRACE_DEF_FIELD>
	</myTraceDefField>	    
    <myTraceDefField>
      <TTRACE_DEF_FIELD type="ST_LabTool.TTRACE_DEF_DB+TTRACE_DEF_FIELD">
        <TTRACE_DEF_FIELD>
          <valid>true</valid>
          <TraceId>73</TraceId>
          <TraceName>TRACE_G3LIBINFO_PROTVERSION</TraceName>
          <TraceString>G3L,Protocol version</TraceString>
         </TTRACE_DEF_FIELD>
      </TTRACE_DEF_FIELD>
	</myTraceDefField>	
    <myTraceDefField>
      <TTRACE_DEF_FIELD type="ST_LabTool.TTRACE_DEF_DB+TTRACE_DEF_FIELD">
        <TTRACE_DEF_FIELD>
          <valid>true</valid>
          <TraceId>74</TraceId>
          <TraceName>TRACE_G3LIBINFO_DEVICETYPE</TraceName>
          <TraceString>G3L,Device type</TraceString>
         </TTRACE_DEF_FIELD>
      </TTRACE_DEF_FIELD>
	</myTraceDefField>	
    <myTraceDefField>
      <TTRACE_DEF_FIELD type="ST_LabTool.TTRACE_DEF_DB+TTRACE_DEF_FIELD">
        <TTRACE_DEF_FIELD>
          <valid>true</valid>
          <TraceId>75</TraceId>
          <TraceName>TRACE_G3LIBINFO_QUEUEFULL</TraceName>
          <TraceString>G3L,ERROR,Queue full</TraceString>
         </TTRACE_DEF_FIELD>
      </TTRACE_DEF_FIELD>
	</myTraceDefField>	
    <myTraceDefField>
      <TTRACE_DEF_FIELD type="ST_LabTool.TTRACE_DEF_DB+TTRACE_DEF_FIELD">
        <TTRACE_DEF_FIELD>
          <valid>true</valid>
          <TraceId>76</TraceId>
          <TraceName>TRACE_G3LIBINFO_INVALIDATTRID</TraceName>
          <TraceString>G3L,ERROR,Invalid attr id</TraceString>
         </TTRACE_DEF_FIELD>
      </TTRACE_DEF_FIELD>
	</myTraceDefField>	
    <myTraceDefField>
      <TTRACE_DEF_FIELD type="ST_LabTool.TTRACE_DEF_DB+TTRACE_DEF_FIELD">
        <TTRACE_DEF_FIELD>
          <valid>true</valid>
          <TraceId>77</TraceId>
          <TraceName>TRACE_G3LIBINFO_ROATTRIBUTE</TraceName>
          <TraceString>G3L,ERROR,R/O attribute</TraceString>
         </TTRACE_DEF_FIELD>
      </TTRACE_DEF_FIELD>
	</myTraceDefField>	    
    <myTraceDefField>
      <TTRACE_DEF_FIELD type="ST_LabTool.TTRACE_DEF_DB+TTRACE_DEF_FIELD">
        <TTRACE_DEF_FIELD>
          <valid>true</valid>
          <TraceId>78</TraceId>
          <TraceName>TRACE_G3LIBINFO_ATTRIBUTEPE</TraceName>
          <TraceString>G3L,PE attribute</TraceString>
         </TTRACE_DEF_FIELD>
      </TTRACE_DEF_FIELD>
	</myTraceDefField>	 
    <myTraceDefField>
      <TTRACE_DEF_FIELD type="ST_LabTool.TTRACE_DEF_DB+TTRACE_DEF_FIELD">
        <TTRACE_DEF_FIELD>
          <valid>true</valid>
          <TraceId>79</TraceId>
          <TraceName>TRACE_G3LIBINFO_ATTRIBUTERTE</TraceName>
          <TraceString>G3L,RTE attribute</TraceString>
         </TTRACE_DEF_FIELD>
      </TTRACE_DEF_FIELD>
	</myTraceDefField>	 
    <myTraceDefField>
      <TTRACE_DEF_FIELD type="ST_LabTool.TTRACE_DEF_DB+TTRACE_DEF_FIELD">
        <TTRACE_DEF_FIELD>
          <valid>true</valid>
          <TraceId>80</TraceId>
          <TraceName>TRACE_G3LIBINFO_ATTRIBUTERTE_PHY</TraceName>
          <TraceString>G3L,PHY attribute</TraceString>
         </TTRACE_DEF_FIELD>
      </TTRACE_DEF_FIELD>
	</myTraceDefField>	    
    <myTraceDefField>
      <TTRACE_DEF_FIELD type="ST_LabTool.TTRACE_DEF_DB+TTRACE_DEF_FIELD">
        <TTRACE_DEF_FIELD>
          <valid>true</valid>
          <TraceId>81</TraceId>
          <TraceName>TRACE_G3LIBINFO_ATTRIBUTERTE_MAC</TraceName>
          <TraceString>G3L,MAC attribute</TraceString>
         </TTRACE_DEF_FIELD>
      </TTRACE_DEF_FIELD>
	</myTraceDefField>	     
    <myTraceDefField>
      <TTRACE_DEF_FIELD type="ST_LabTool.TTRACE_DEF_DB+TTRACE_DEF_FIELD">
        <TTRACE_DEF_FIELD>
          <valid>true</valid>
          <TraceId>82</TraceId>
          <TraceName>TRACE_G3LIBINFO_ATTRIBUTERTE_RT</TraceName>
          <TraceString>G3L,RT attribute</TraceString>
         </TTRACE_DEF_FIELD>
      </TTRACE_DEF_FIELD>
	</myTraceDefField>
    <myTraceDefField>
      <TTRACE_DEF_FIELD type="ST_LabTool.TTRACE_DEF_DB+TTRACE_DEF_FIELD">
        <TTRACE_DEF_FIELD>
          <valid>true</valid>
          <TraceId>83</TraceId>
          <TraceName>TRACE_G3LIBINFO_CHANGERTEMODE</TraceName>
          <TraceString>G3L,Change RTE mode</TraceString>
         </TTRACE_DEF_FIELD>
      </TTRACE_DEF_FIELD>
	</myTraceDefField>		
    <myTraceDefField>
      <TTRACE_DEF_FIELD type="ST_LabTool.TTRACE_DEF_DB+TTRACE_DEF_FIELD">
        <TTRACE_DEF_FIELD>
          <valid>true</valid>
          <TraceId>84</TraceId>
          <TraceName>TRACE_G3LIBINFO_TIMEREXPIRED</TraceName>
          <TraceString>G3L,Timer expired</TraceString>
         </TTRACE_DEF_FIELD>
      </TTRACE_DEF_FIELD>
	</myTraceDefField>		
    <myTraceDefField>
      <TTRACE_DEF_FIELD type="ST_LabTool.TTRACE_DEF_DB+TTRACE_DEF_FIELD">
        <TTRACE_DEF_FIELD>
          <valid>true</valid>
          <TraceId>85</TraceId>
          <TraceName>TRACE_G3LIBINFO_ATTRID</TraceName>
          <TraceString>G3L,Attr id</TraceString>
         </TTRACE_DEF_FIELD>
      </TTRACE_DEF_FIELD>
	</myTraceDefField>		
    <myTraceDefField>
      <TTRACE_DEF_FIELD type="ST_LabTool.TTRACE_DEF_DB+TTRACE_DEF_FIELD">
        <TTRACE_DEF_FIELD>
          <valid>true</valid>
          <TraceId>86</TraceId>
          <TraceName>TRACE_G3LIBINFO_ATTRVALUE</TraceName>
          <TraceString>G3L,Attr value</TraceString>
         </TTRACE_DEF_FIELD>
      </TTRACE_DEF_FIELD>
	</myTraceDefField>		
    <myTraceDefField>
      <TTRACE_DEF_FIELD type="ST_LabTool.TTRACE_DEF_DB+TTRACE_DEF_FIELD">
        <TTRACE_DEF_FIELD>
          <valid>true</valid>
          <TraceId>87</TraceId>
          <TraceName>TRACE_G3LIBINFO_MACFRAMECOUNTER</TraceName>
          <TraceString>G3L,MAC frame counter</TraceString>
         </TTRACE_DEF_FIELD>
      </TTRACE_DEF_FIELD>
	</myTraceDefField>		
    <myTraceDefField>
      <TTRACE_DEF_FIELD type="ST_LabTool.TTRACE_DEF_DB+TTRACE_DEF_FIELD">
        <TTRACE_DEF_FIELD>
          <valid>true</valid>
          <TraceId>88</TraceId>
          <TraceName>TRACE_G3LIBINFO_RTMACRESET_RESULT</TraceName>
          <TraceString>G3L,RTMAC-RESET.Confirm status</TraceString>
         </TTRACE_DEF_FIELD>
      </TTRACE_DEF_FIELD>
	</myTraceDefField>		
    <myTraceDefField>
      <TTRACE_DEF_FIELD type="ST_LabTool.TTRACE_DEF_DB+TTRACE_DEF_FIELD">
        <TTRACE_DEF_FIELD>
          <valid>true</valid>
          <TraceId>89</TraceId>
          <TraceName>TRACE_G3LIBINFO_RTERECOVERY_RESULT</TraceName>
          <TraceString>G3L,RTE-RECOVERY.Confirm status</TraceString>
         </TTRACE_DEF_FIELD>
      </TTRACE_DEF_FIELD>
	</myTraceDefField>	 
    <myTraceDefField>
      <TTRACE_DEF_FIELD type="ST_LabTool.TTRACE_DEF_DB+TTRACE_DEF_FIELD">
        <TTRACE_DEF_FIELD>
          <valid>true</valid>
          <TraceId>90</TraceId>
          <TraceName>TRACE_G3LIBINFO_RTEERR_CATEGORY</TraceName>
          <TraceString>G3L,RTE ERROR,Category</TraceString>
         </TTRACE_DEF_FIELD>
      </TTRACE_DEF_FIELD>
	</myTraceDefField>	    
    <myTraceDefField>
      <TTRACE_DEF_FIELD type="ST_LabTool.TTRACE_DEF_DB+TTRACE_DEF_FIELD">
        <TTRACE_DEF_FIELD>
          <valid>true</valid>
          <TraceId>91</TraceId>
          <TraceName>TRACE_G3LIBINFO_RTEERR_SEVERITY</TraceName>
          <TraceString>G3L,RTE ERROR,Severity</TraceString>
         </TTRACE_DEF_FIELD>
      </TTRACE_DEF_FIELD>
	</myTraceDefField>	     
    <myTraceDefField>
      <TTRACE_DEF_FIELD type="ST_LabTool.TTRACE_DEF_DB+TTRACE_DEF_FIELD">
        <TTRACE_DEF_FIELD>
          <valid>true</valid>
          <TraceId>92</TraceId>
          <TraceName>TRACE_G3LIBINFO_RTEERR_DATA</TraceName>
          <TraceString>G3L,RTE ERROR,Data</TraceString>
         </TTRACE_DEF_FIELD>
      </TTRACE_DEF_FIELD>
	</myTraceDefField>
    <myTraceDefField>
      <TTRACE_DEF_FIELD type="ST_LabTool.TTRACE_DEF_DB+TTRACE_DEF_FIELD">
        <TTRACE_DEF_FIELD>
          <valid>true</valid>
          <TraceId>93</TraceId>
          <TraceName>TRACE_G3LIBINFO_RTEERR_RTMACRESET</TraceName>
          <TraceString>G3L,RTE ERROR,Reset RTMac</TraceString>
         </TTRACE_DEF_FIELD>
      </TTRACE_DEF_FIELD>
	</myTraceDefField>		
    <myTraceDefField>
      <TTRACE_DEF_FIELD type="ST_LabTool.TTRACE_DEF_DB+TTRACE_DEF_FIELD">
        <TTRACE_DEF_FIELD>
          <valid>true</valid>
          <TraceId>94</TraceId>
          <TraceName>TRACE_G3LIBINFO_RTEERR_IPCFLUSH</TraceName>
          <TraceString>G3L,RTE ERROR,IPC flush</TraceString>
         </TTRACE_DEF_FIELD>
      </TTRACE_DEF_FIELD>
	</myTraceDefField>		
    <myTraceDefField>
      <TTRACE_DEF_FIELD type="ST_LabTool.TTRACE_DEF_DB+TTRACE_DEF_FIELD">
        <TTRACE_DEF_FIELD>
          <valid>true</valid>
          <TraceId>95</TraceId>
          <TraceName>TRACE_G3LIBINFO_RTEERR_UNLOCKREG</TraceName>
          <TraceString>G3L,RTE ERROR,Unlock reg</TraceString>
         </TTRACE_DEF_FIELD>
      </TTRACE_DEF_FIELD>
	</myTraceDefField>		
    <myTraceDefField>
      <TTRACE_DEF_FIELD type="ST_LabTool.TTRACE_DEF_DB+TTRACE_DEF_FIELD">
        <TTRACE_DEF_FIELD>
          <valid>true</valid>
          <TraceId>96</TraceId>
          <TraceName>TRACE_G3LIBINFO_RTEERR_FSMERR_STATE</TraceName>
          <TraceString>G3L,RTE Recovery,FSM error - State</TraceString>
         </TTRACE_DEF_FIELD>
      </TTRACE_DEF_FIELD>
	</myTraceDefField>		
    <myTraceDefField>
      <TTRACE_DEF_FIELD type="ST_LabTool.TTRACE_DEF_DB+TTRACE_DEF_FIELD">
        <TTRACE_DEF_FIELD>
          <valid>true</valid>
          <TraceId>97</TraceId>
          <TraceName>TRACE_G3LIBINFO_RTEERR_FSMERR_EVENT</TraceName>
          <TraceString>G3L,RTE Recovery,FSM error - Event</TraceString>
         </TTRACE_DEF_FIELD>
      </TTRACE_DEF_FIELD>
	</myTraceDefField>		
    <myTraceDefField>
      <TTRACE_DEF_FIELD type="ST_LabTool.TTRACE_DEF_DB+TTRACE_DEF_FIELD">
        <TTRACE_DEF_FIELD>
          <valid>true</valid>
          <TraceId>98</TraceId>
          <TraceName>TRACE_G3LIBINFO_RTEERR_ASKDEBUGINFO</TraceName>
          <TraceString>G3L,RTE Recovery,Ask debug info to RTE</TraceString>
         </TTRACE_DEF_FIELD>
      </TTRACE_DEF_FIELD>
	</myTraceDefField>		
    <myTraceDefField>
      <TTRACE_DEF_FIELD type="ST_LabTool.TTRACE_DEF_DB+TTRACE_DEF_FIELD">
        <TTRACE_DEF_FIELD>
          <valid>true</valid>
          <TraceId>99</TraceId>
          <TraceName>TRACE_G3LIBINFO_RTEREC_FSMTIMEOUT</TraceName>
          <TraceString>G3L,RTE Recovery,FSM timeout</TraceString>
         </TTRACE_DEF_FIELD>
      </TTRACE_DEF_FIELD>
	</myTraceDefField>	 
    <myTraceDefField>
      <TTRACE_DEF_FIELD type="ST_LabTool.TTRACE_DEF_DB+TTRACE_DEF_FIELD">
        <TTRACE_DEF_FIELD>
          <valid>true</valid>
          <TraceId>100</TraceId>
          <TraceName>TRACE_G3LIBINFO_WOATTRIBUTE</TraceName>
          <TraceString>G3L,ERROR,W/O attribute</TraceString>
         </TTRACE_DEF_FIELD>
      </TTRACE_DEF_FIELD>
	</myTraceDefField>	    
	<myTraceDefField>
      <TTRACE_DEF_FIELD type="ST_LabTool.TTRACE_DEF_DB+TTRACE_DEF_FIELD">
        <TTRACE_DEF_FIELD>
          <valid>true</valid>
          <TraceId>101</TraceId>
          <TraceName>TRACE_G3LIBINFO_RTEI_INIT_FAILED</TraceName>
          <TraceString>G3L,RTEI init KO</TraceString>
         </TTRACE_DEF_FIELD>
      </TTRACE_DEF_FIELD>
	</myTraceDefField>	     
    <myTraceDefField>
      <TTRACE_DEF_FIELD type="ST_LabTool.TTRACE_DEF_DB+TTRACE_DEF_FIELD">
        <TTRACE_DEF_FIELD>
          <valid>true</valid>
          <TraceId>102</TraceId>
          <TraceName>TRACE_G3LIBINFO_BAND_INIT_FAILED</TraceName>
          <TraceString>G3L,RTEI band init KO</TraceString>
         </TTRACE_DEF_FIELD>
      </TTRACE_DEF_FIELD>
	</myTraceDefField>
    <myTraceDefField>
      <TTRACE_DEF_FIELD type="ST_LabTool.TTRACE_DEF_DB+TTRACE_DEF_FIELD">
        <TTRACE_DEF_FIELD>
          <valid>true</valid>
          <TraceId>103</TraceId>
          <TraceName>TRACE_G3LIBINFO_SNIFFER_IND</TraceName>
          <TraceString>G3L,G3LIB-SNIFFER.Indication</TraceString>
         </TTRACE_DEF_FIELD>
      </TTRACE_DEF_FIELD>
	</myTraceDefField>	
    <myTraceDefField>
      <TTRACE_DEF_FIELD type="ST_LabTool.TTRACE_DEF_DB+TTRACE_DEF_FIELD">
        <TTRACE_DEF_FIELD>
          <valid>true</valid>
          <TraceId>104</TraceId>
          <TraceName>TRACE_G3LIBINFO_HW_INIT</TraceName>
          <TraceString>G3L,G3-PLC HW init</TraceString>
         </TTRACE_DEF_FIELD>
      </TTRACE_DEF_FIELD>
    </myTraceDefField>
    <myTraceDefField>
      <TTRACE_DEF_FIELD type="ST_LabTool.TTRACE_DEF_DB+TTRACE_DEF_FIELD">
        <TTRACE_DEF_FIELD>
          <valid>true</valid>
          <TraceId>105</TraceId>
          <TraceName>TRACE_G3LIBINFO_SW_INIT</TraceName>
          <TraceString>G3L,G3-PLC SW init</TraceString>
         </TTRACE_DEF_FIELD>
      </TTRACE_DEF_FIELD>
    </myTraceDefField>
    <myTraceDefField>
      <TTRACE_DEF_FIELD type="ST_LabTool.TTRACE_DEF_DB+TTRACE_DEF_FIELD">
        <TTRACE_DEF_FIELD>
          <valid>true</valid>
          <TraceId>106</TraceId>
          <TraceName>TRACE_G3LIBINFO_BAND_CEN_A</TraceName>
          <TraceString>G3L,CEN-A OK</TraceString>
         </TTRACE_DEF_FIELD>
      </TTRACE_DEF_FIELD>
    </myTraceDefField>
    <myTraceDefField>
      <TTRACE_DEF_FIELD type="ST_LabTool.TTRACE_DEF_DB+TTRACE_DEF_FIELD">
        <TTRACE_DEF_FIELD>
          <valid>true</valid>
          <TraceId>107</TraceId>
          <TraceName>TRACE_G3LIBINFO_BAND_CEN_B</TraceName>
          <TraceString>G3L,CEN-B KO</TraceString>
         </TTRACE_DEF_FIELD>
      </TTRACE_DEF_FIELD>
    </myTraceDefField>
    <myTraceDefField>
      <TTRACE_DEF_FIELD type="ST_LabTool.TTRACE_DEF_DB+TTRACE_DEF_FIELD">
        <TTRACE_DEF_FIELD>
          <valid>true</valid>
          <TraceId>108</TraceId>
          <TraceName>TRACE_G3LIBINFO_BAND_ARIB </TraceName>
          <TraceString>G3L,ARIB KO</TraceString>
         </TTRACE_DEF_FIELD>
      </TTRACE_DEF_FIELD>
    </myTraceDefField>
    <myTraceDefField>
      <TTRACE_DEF_FIELD type="ST_LabTool.TTRACE_DEF_DB+TTRACE_DEF_FIELD">
        <TTRACE_DEF_FIELD>
          <valid>true</valid>
          <TraceId>109</TraceId>
          <TraceName>TRACE_G3LIBINFO_BAND_FCC </TraceName>
          <TraceString>G3L,FCC OK</TraceString>
         </TTRACE_DEF_FIELD>
      </TTRACE_DEF_FIELD>
    </myTraceDefField>
    <myTraceDefField>
      <TTRACE_DEF_FIELD type="ST_LabTool.TTRACE_DEF_DB+TTRACE_DEF_FIELD">
        <TTRACE_DEF_FIELD>
          <valid>true</valid>
          <TraceId>110</TraceId>
          <TraceName>TRACE_G3LIBINFO_BAND_1901_2</TraceName>
          <TraceString>G3L,1901.2 KO</TraceString>
         </TTRACE_DEF_FIELD>
      </TTRACE_DEF_FIELD>
    </myTraceDefField>
    <myTraceDefField>
      <TTRACE_DEF_FIELD type="ST_LabTool.TTRACE_DEF_DB+TTRACE_DEF_FIELD">
        <TTRACE_DEF_FIELD>
          <valid>true</valid>
          <TraceId>111</TraceId>
          <TraceName>TRACE_G3LIBINFO_DEVICE</TraceName>
          <TraceString>G3L,Device</TraceString>
         </TTRACE_DEF_FIELD>
      </TTRACE_DEF_FIELD>
    </myTraceDefField>
    <myTraceDefField>
      <TTRACE_DEF_FIELD type="ST_LabTool.TTRACE_DEF_DB+TTRACE_DEF_FIELD">
        <TTRACE_DEF_FIELD>
          <valid>true</valid>
          <TraceId>112</TraceId>
          <TraceName>TRACE_G3LIBINFO_COORD</TraceName>
          <TraceString>G3L,Coordinator</TraceString>
         </TTRACE_DEF_FIELD>
      </TTRACE_DEF_FIELD>
    </myTraceDefField>
    <myTraceDefField>
      <TTRACE_DEF_FIELD type="ST_LabTool.TTRACE_DEF_DB+TTRACE_DEF_FIELD">
        <TTRACE_DEF_FIELD>
          <valid>true</valid>
          <TraceId>113</TraceId>
          <TraceName>TRACE_G3LIBINFO_UPDATE1MIN</TraceName>
          <TraceString>G3L,Update 1min Tables</TraceString>
         </TTRACE_DEF_FIELD>
      </TTRACE_DEF_FIELD>
    </myTraceDefField>
    <myTraceDefField>
      <TTRACE_DEF_FIELD type="ST_LabTool.TTRACE_DEF_DB+TTRACE_DEF_FIELD">
        <TTRACE_DEF_FIELD>
          <valid>true</valid>
          <TraceId>114</TraceId>
          <TraceName>TRACE_G3LIBINFO_UPDATE1S</TraceName>
          <TraceString>G3L,Update 1sec Tables</TraceString>
         </TTRACE_DEF_FIELD>
      </TTRACE_DEF_FIELD>
    </myTraceDefField>
    <myTraceDefField>
      <TTRACE_DEF_FIELD type="ST_LabTool.TTRACE_DEF_DB+TTRACE_DEF_FIELD">
        <TTRACE_DEF_FIELD>
          <valid>true</valid>
          <TraceId>115</TraceId>
          <TraceName>TRACE_G3LIBINFO_UPDATE4S</TraceName>
          <TraceString>G3L,Update 4sec Tables</TraceString>
         </TTRACE_DEF_FIELD>
      </TTRACE_DEF_FIELD>
    </myTraceDefField>
    <myTraceDefField>
      <TTRACE_DEF_FIELD type="ST_LabTool.TTRACE_DEF_DB+TTRACE_DEF_FIELD">
        <TTRACE_DEF_FIELD>
          <valid>true</valid>
          <TraceId>116</TraceId>
          <TraceName>TRACE_G3LIBINFO_RTETIMEOUT</TraceName>
          <TraceString>G3L,Timeout on periodic RTE polling</TraceString>
         </TTRACE_DEF_FIELD>
      </TTRACE_DEF_FIELD>
    </myTraceDefField>
    <myTraceDefField>
      <TTRACE_DEF_FIELD type="ST_LabTool.TTRACE_DEF_DB+TTRACE_DEF_FIELD">
        <TTRACE_DEF_FIELD>
          <valid>true</valid>
          <TraceId>117</TraceId>
          <TraceName>TRACE_G3LIBINFO_TIMEDEVENTERR</TraceName>
          <TraceString>G3L,Max num timed event</TraceString>
         </TTRACE_DEF_FIELD>
      </TTRACE_DEF_FIELD>
    </myTraceDefField>
    <myTraceDefField>
      <TTRACE_DEF_FIELD type="ST_LabTool.TTRACE_DEF_DB+TTRACE_DEF_FIELD">
        <TTRACE_DEF_FIELD>
          <valid>true</valid>
          <TraceId>118</TraceId>
          <TraceName>TRACE_G3LIBINFO_MEMPOOLFULL</TraceName>
          <TraceString>G3L,Error: mempool is full</TraceString>
         </TTRACE_DEF_FIELD>
      </TTRACE_DEF_FIELD>
    </myTraceDefField>
    <myTraceDefField>
      <TTRACE_DEF_FIELD type="ST_LabTool.TTRACE_DEF_DB+TTRACE_DEF_FIELD">
        <TTRACE_DEF_FIELD>
          <valid>true</valid>
          <TraceId>119</TraceId>
          <TraceName>TRACE_G3LIBINFO_MEMPOOLALLOCATIONZERO</TraceName>
          <TraceString>G3L,Try to allocate mempool of size </TraceString>
         </TTRACE_DEF_FIELD>
      </TTRACE_DEF_FIELD>
    </myTraceDefField>
    <myTraceDefField>
      <TTRACE_DEF_FIELD type="ST_LabTool.TTRACE_DEF_DB+TTRACE_DEF_FIELD">
        <TTRACE_DEF_FIELD>
          <valid>true</valid>
          <TraceId>120</TraceId>
          <TraceName>TRACE_G3LIBINFO_MEMPOOLALLOCATIONBIG</TraceName>
          <TraceString>G3L,Try to allocate mempool of size too large</TraceString>
         </TTRACE_DEF_FIELD>
      </TTRACE_DEF_FIELD>
    </myTraceDefField>
    <myTraceDefField>
      <TTRACE_DEF_FIELD type="ST_LabTool.TTRACE_DEF_DB+TTRACE_DEF_FIELD">
        <TTRACE_DEF_FIELD>
          <valid>true</valid>
          <TraceId>121</TraceId>
          <TraceName>TRACE_G3LIBINFO_MEMPOOLDEALLOCZERO</TraceName>
          <TraceString>G3L,Try to deallocate a null pointer</TraceString>
         </TTRACE_DEF_FIELD>
      </TTRACE_DEF_FIELD>
    </myTraceDefField>
    <myTraceDefField>
      <TTRACE_DEF_FIELD type="ST_LabTool.TTRACE_DEF_DB+TTRACE_DEF_FIELD">
        <TTRACE_DEF_FIELD>
          <valid>true</valid>
          <TraceId>122</TraceId>
          <TraceName>TRACE_G3LIBINFO_RTE_EC</TraceName>
          <TraceString>G3L,RTE Confirm - Error</TraceString>
         </TTRACE_DEF_FIELD>
      </TTRACE_DEF_FIELD>
    </myTraceDefField>   
    <myTraceDefField>
      <TTRACE_DEF_FIELD type="ST_LabTool.TTRACE_DEF_DB+TTRACE_DEF_FIELD">
        <TTRACE_DEF_FIELD>
          <valid>true</valid>
          <TraceId>123</TraceId>
          <TraceName>TRACE_G3LIBINFO_RTE_BAND</TraceName>
          <TraceString>G3L,RTE Band selected</TraceString>
         </TTRACE_DEF_FIELD>
      </TTRACE_DEF_FIELD>
    </myTraceDefField>       
    <myTraceDefField>
      <TTRACE_DEF_FIELD type="ST_LabTool.TTRACE_DEF_DB+TTRACE_DEF_FIELD">
        <TTRACE_DEF_FIELD>
          <valid>true</valid>
          <TraceId>124</TraceId>
          <TraceName>TRACE_G3LIBINFO_RTEMESET_REQ</TraceName>
          <TraceString>G3L,ResetFSM,RTEME-SET.Request</TraceString>
         </TTRACE_DEF_FIELD>
      </TTRACE_DEF_FIELD>
    </myTraceDefField>   
    <myTraceDefField>
      <TTRACE_DEF_FIELD type="ST_LabTool.TTRACE_DEF_DB+TTRACE_DEF_FIELD">
        <TTRACE_DEF_FIELD>
          <valid>true</valid>
          <TraceId>125</TraceId>
          <TraceName>TRACE_G3LIBINFO_RTEMACRESET_REQ</TraceName>
          <TraceString>G3L,ResetFSM,RTMAC-RESET.Request</TraceString>
         </TTRACE_DEF_FIELD>
      </TTRACE_DEF_FIELD>
    </myTraceDefField>     
    <myTraceDefField>
      <TTRACE_DEF_FIELD type="ST_LabTool.TTRACE_DEF_DB+TTRACE_DEF_FIELD">
        <TTRACE_DEF_FIELD>
          <valid>true</valid>
          <TraceId>126</TraceId>
          <TraceName>TRACE_G3LIBINFO_RTERECOVERY_REQ</TraceName>
          <TraceString>G3L,ResetFSM,RTE-RECOVERY.Request</TraceString>
         </TTRACE_DEF_FIELD>
      </TTRACE_DEF_FIELD>
    </myTraceDefField>    
    <myTraceDefField>
      <TTRACE_DEF_FIELD type="ST_LabTool.TTRACE_DEF_DB+TTRACE_DEF_FIELD">
        <TTRACE_DEF_FIELD>
          <valid>true</valid>
          <TraceId>127</TraceId>
          <TraceName>TRACE_G3LIBINFO_RTEBANDSELECT_REQ</TraceName>
          <TraceString>G3L,ResetFSM,RTE-BAND-SELECT.Request</TraceString>
         </TTRACE_DEF_FIELD>
      </TTRACE_DEF_FIELD>
    </myTraceDefField>   
    <myTraceDefField>
      <TTRACE_DEF_FIELD type="ST_LabTool.TTRACE_DEF_DB+TTRACE_DEF_FIELD">
        <TTRACE_DEF_FIELD>
          <valid>true</valid>
          <TraceId>128</TraceId>
          <TraceName>TRACE_G3LIBINFO_SWRESET_FSMERR_STATE</TraceName>
          <TraceString>G3L,ResetFSM,FSM error - State</TraceString>
         </TTRACE_DEF_FIELD>
      </TTRACE_DEF_FIELD>
	</myTraceDefField>		
    <myTraceDefField>
      <TTRACE_DEF_FIELD type="ST_LabTool.TTRACE_DEF_DB+TTRACE_DEF_FIELD">
        <TTRACE_DEF_FIELD>
          <valid>true</valid>
          <TraceId>129</TraceId>
          <TraceName>TRACE_G3LIBINFO_SWRESET_FSMERR_EVENT</TraceName>
          <TraceString>G3L,ResetFSM,FSM error - Event</TraceString>
         </TTRACE_DEF_FIELD>
      </TTRACE_DEF_FIELD>
	</myTraceDefField>	
    <myTraceDefField>
      <TTRACE_DEF_FIELD type="ST_LabTool.TTRACE_DEF_DB+TTRACE_DEF_FIELD">
        <TTRACE_DEF_FIELD>
          <valid>true</valid>
          <TraceId>130</TraceId>
          <TraceName>TRACE_G3LIBINFO_MULTIG3LIBGET_REQ</TraceName>
          <TraceString>G3L,G3LIB-MULTIPLEGET.Request</TraceString>
         </TTRACE_DEF_FIELD>
      </TTRACE_DEF_FIELD>
	</myTraceDefField>  
    <myTraceDefField>
      <TTRACE_DEF_FIELD type="ST_LabTool.TTRACE_DEF_DB+TTRACE_DEF_FIELD">
        <TTRACE_DEF_FIELD>
          <valid>true</valid>
          <TraceId>131</TraceId>
          <TraceName>TRACE_G3LIBINFO_MACRFFRAMECOUNTER</TraceName>
          <TraceString>G3L,MAC RF frame counter</TraceString>
         </TTRACE_DEF_FIELD>
      </TTRACE_DEF_FIELD>
	</myTraceDefField> 	  
  </myTraceDef_DBXml>
</TXmlFormatTraceDef>