<?xml version="1.0" encoding="utf-8"?>
<TXmlFormatTraceDef xmlns:xsi="http://www.w3.org/2001/XMLSchema-instance" xmlns:xsd="http://www.w3.org/2001/XMLSchema">
  <myTraceDef_DBXml>
    <myTraceDefModule>
      <TTRACE_DEF_MOD type="ST_LabTool.TTRACE_DEF_DB+TTRACE_DEF_MOD">
	<TTRACE_DEF_MOD>
	  <valid>true</valid>
          <idGroupTrc>PLC_G3</idGroupTrc>
          <ModId>26</ModId>
          <ModName>HI_DATA</ModName> 
	</TTRACE_DEF_MOD>  
      </TTRACE_DEF_MOD>
    </myTraceDefModule>    
    <myTraceDefField>
      <TTRACE_DEF_FIELD type="ST_LabTool.TTRACE_DEF_DB+TTRACE_DEF_FIELD">
        <TTRACE_DEF_FIELD>
          <valid>true</valid>
          <TraceId>64</TraceId>
          <TraceName>TRACE_HI_BUFFER_RCV_CMD</TraceName>
          <TraceString>HI,Cmd Payload</TraceString>
         </TTRACE_DEF_FIELD>
      </TTRACE_DEF_FIELD>
    </myTraceDefField>		
    <myTraceDefField>
      <TTRACE_DEF_FIELD type="ST_LabTool.TTRACE_DEF_DB+TTRACE_DEF_FIELD">
        <TTRACE_DEF_FIELD>
          <valid>true</valid>
          <TraceId>65</TraceId>
          <TraceName>TRACE_HI_BUFFER_SND_CMD</TraceName>
          <TraceString>HI,Cmd Payload</TraceString>
         </TTRACE_DEF_FIELD>
      </TTRACE_DEF_FIELD>
    </myTraceDefField>		
  </myTraceDef_DBXml>
</TXmlFormatTraceDef>