<?xml version="1.0" encoding="utf-8"?>
<TXmlFormatTraceDef xmlns:xsi="http://www.w3.org/2001/XMLSchema-instance" xmlns:xsd="http://www.w3.org/2001/XMLSchema">
  <myTraceDef_DBXml>
    <myTraceDefModule>
      <TTRACE_DEF_MOD type="ST_LabTool.TTRACE_DEF_DB+TTRACE_DEF_MOD">
        <TTRACE_DEF_MOD>
          <valid>true</valid>
                <idGroupTrc>PLC_G3</idGroupTrc>
                <ModId>28</ModId>
                <ModName>APP</ModName> 
        </TTRACE_DEF_MOD>  
      </TTRACE_DEF_MOD>
    </myTraceDefModule>  
    <myTraceDefField>
      <TTRACE_DEF_FIELD type="ST_LabTool.TTRACE_DEF_DB+TTRACE_DEF_FIELD">
        <TTRACE_DEF_FIELD>
          <valid>true</valid>
          <TraceId>0</TraceId>
          <TraceName>TRACE_APP_RSV</TraceName>
          <TraceString>APP,Reserved</TraceString>
         </TTRACE_DEF_FIELD>
      </TTRACE_DEF_FIELD>
    </myTraceDefField>	    
    <myTraceDefField>
      <TTRACE_DEF_FIELD type="ST_LabTool.TTRACE_DEF_DB+TTRACE_DEF_FIELD">
        <TTRACE_DEF_FIELD>
          <valid>true</valid>
          <TraceId>1</TraceId>
          <TraceName>TRACE_APP_NVM_SN</TraceName>
          <TraceString>APP,NVM restore SN</TraceString>
         </TTRACE_DEF_FIELD>
      </TTRACE_DEF_FIELD>
    </myTraceDefField>
    <myTraceDefField>
      <TTRACE_DEF_FIELD type="ST_LabTool.TTRACE_DEF_DB+TTRACE_DEF_FIELD">
        <TTRACE_DEF_FIELD>
          <valid>true</valid>
          <TraceId>2</TraceId>
          <TraceName>TRACE_APP_UDPRSP_REQ</TraceName>
          <TraceString>APP,UDP Responder request, len</TraceString>
         </TTRACE_DEF_FIELD>
      </TTRACE_DEF_FIELD>
    </myTraceDefField>    
     <myTraceDefField>
      <TTRACE_DEF_FIELD type="ST_LabTool.TTRACE_DEF_DB+TTRACE_DEF_FIELD">
        <TTRACE_DEF_FIELD>
          <valid>true</valid>
          <TraceId>3</TraceId>
          <TraceName>TRACE_APP_UDPRSP_RES</TraceName>
          <TraceString>APP,UDP Responder reply, len</TraceString>
         </TTRACE_DEF_FIELD>
      </TTRACE_DEF_FIELD>
    </myTraceDefField>   
    <myTraceDefField>
      <TTRACE_DEF_FIELD type="ST_LabTool.TTRACE_DEF_DB+TTRACE_DEF_FIELD">
        <TTRACE_DEF_FIELD>
          <valid>true</valid>
          <TraceId>4</TraceId>
          <TraceName>TRACE_APP_UDPRSP_LEN_REQ</TraceName>
          <TraceString>APP,UDP Responder with variable length request, requested len</TraceString>
         </TTRACE_DEF_FIELD>
      </TTRACE_DEF_FIELD>
    </myTraceDefField>    
    <myTraceDefField>
      <TTRACE_DEF_FIELD type="ST_LabTool.TTRACE_DEF_DB+TTRACE_DEF_FIELD">
        <TTRACE_DEF_FIELD>
          <valid>true</valid>
          <TraceId>5</TraceId>
          <TraceName>TRACE_APP_UDPRSP_LEN_RES</TraceName>
          <TraceString>APP,UDP Responder with variable length reply, replied len</TraceString>
         </TTRACE_DEF_FIELD>
      </TTRACE_DEF_FIELD>
    </myTraceDefField> 
    <myTraceDefField>
      <TTRACE_DEF_FIELD type="ST_LabTool.TTRACE_DEF_DB+TTRACE_DEF_FIELD">
        <TTRACE_DEF_FIELD>
          <valid>true</valid>
          <TraceId>6</TraceId>
          <TraceName>TRACE_APP_UDPRSP_TYPE</TraceName>
          <TraceString>APP,UDP Responder, type</TraceString>
         </TTRACE_DEF_FIELD>
      </TTRACE_DEF_FIELD>
    </myTraceDefField> 
    <myTraceDefField>
      <TTRACE_DEF_FIELD type="ST_LabTool.TTRACE_DEF_DB+TTRACE_DEF_FIELD">
        <TTRACE_DEF_FIELD>
          <valid>true</valid>
          <TraceId>7</TraceId>
          <TraceName>TRACE_APP_PLCSETATTR_WRONGLEN</TraceName>
          <TraceString>APP,PLC set attr, wrong len</TraceString>
         </TTRACE_DEF_FIELD>
      </TTRACE_DEF_FIELD>
    </myTraceDefField>
    <myTraceDefField>
      <TTRACE_DEF_FIELD type="ST_LabTool.TTRACE_DEF_DB+TTRACE_DEF_FIELD">
        <TTRACE_DEF_FIELD>
          <valid>true</valid>
          <TraceId>8</TraceId>
          <TraceName>TRACE_APP_DATARATE_COUNT</TraceName>
          <TraceString>APP,DataRate Count</TraceString>
         </TTRACE_DEF_FIELD>
      </TTRACE_DEF_FIELD>
    </myTraceDefField>      
    <myTraceDefField>
      <TTRACE_DEF_FIELD type="ST_LabTool.TTRACE_DEF_DB+TTRACE_DEF_FIELD">
        <TTRACE_DEF_FIELD>
          <valid>true</valid>
          <TraceId>64</TraceId>
          <TraceName>TRACE_APP_NVM_SECTOR</TraceName>
          <TraceString>APP,NVM in sFlash sector</TraceString>
         </TTRACE_DEF_FIELD>
      </TTRACE_DEF_FIELD>
    </myTraceDefField>		
    <myTraceDefField>
      <TTRACE_DEF_FIELD type="ST_LabTool.TTRACE_DEF_DB+TTRACE_DEF_FIELD">
        <TTRACE_DEF_FIELD>
          <valid>true</valid>
          <TraceId>65</TraceId>
          <TraceName>TRACE_APP_NVM_SECTION</TraceName>
          <TraceString>APP,NVM update section</TraceString>
         </TTRACE_DEF_FIELD>
      </TTRACE_DEF_FIELD>
    </myTraceDefField>
    <myTraceDefField>
      <TTRACE_DEF_FIELD type="ST_LabTool.TTRACE_DEF_DB+TTRACE_DEF_FIELD">
        <TTRACE_DEF_FIELD>
          <valid>true</valid>
          <TraceId>66</TraceId>
          <TraceName>TRACE_APP_NVM_FC</TraceName>
          <TraceString>APP,NVM restore FC</TraceString>
         </TTRACE_DEF_FIELD>
      </TTRACE_DEF_FIELD>
    </myTraceDefField>	
    <myTraceDefField>
      <TTRACE_DEF_FIELD type="ST_LabTool.TTRACE_DEF_DB+TTRACE_DEF_FIELD">
        <TTRACE_DEF_FIELD>
          <valid>true</valid>
          <TraceId>67</TraceId>
          <TraceName>TRACE_APP_NVM_ACTION</TraceName>
          <TraceString>APP,NVM action</TraceString>
         </TTRACE_DEF_FIELD>
      </TTRACE_DEF_FIELD>
    </myTraceDefField>
    <myTraceDefField>
      <TTRACE_DEF_FIELD type="ST_LabTool.TTRACE_DEF_DB+TTRACE_DEF_FIELD">
        <TTRACE_DEF_FIELD>
          <valid>true</valid>
          <TraceId>68</TraceId>
          <TraceName>TRACE_APP_WWDG_CNTZERO</TraceName>
          <TraceString>APP,WWDG counter reaches zero</TraceString>
         </TTRACE_DEF_FIELD>
      </TTRACE_DEF_FIELD>
    </myTraceDefField>
    <myTraceDefField>
      <TTRACE_DEF_FIELD type="ST_LabTool.TTRACE_DEF_DB+TTRACE_DEF_FIELD">
        <TTRACE_DEF_FIELD>
          <valid>true</valid>
          <TraceId>69</TraceId>
          <TraceName>TRACE_APP_UDPRSP_ECHOTRIG</TraceName>
          <TraceString>APP,UDP Responder Echo Trig</TraceString>
         </TTRACE_DEF_FIELD>
      </TTRACE_DEF_FIELD>
    </myTraceDefField>    
    <myTraceDefField>
      <TTRACE_DEF_FIELD type="ST_LabTool.TTRACE_DEF_DB+TTRACE_DEF_FIELD">
        <TTRACE_DEF_FIELD>
          <valid>true</valid>
          <TraceId>70</TraceId>
          <TraceName>TRACE_APP_UDPRSP_RHI_REQ</TraceName>
          <TraceString>APP,UDP Responder RHI request</TraceString>
         </TTRACE_DEF_FIELD>
      </TTRACE_DEF_FIELD>
    </myTraceDefField>
    <myTraceDefField>
      <TTRACE_DEF_FIELD type="ST_LabTool.TTRACE_DEF_DB+TTRACE_DEF_FIELD">
        <TTRACE_DEF_FIELD>
          <valid>true</valid>
          <TraceId>71</TraceId>
          <TraceName>TRACE_APP_UDPRSP_RHI_RES</TraceName>
          <TraceString>APP,UDP Responder RHI response</TraceString>
         </TTRACE_DEF_FIELD>
      </TTRACE_DEF_FIELD>
    </myTraceDefField>
    <myTraceDefField>
      <TTRACE_DEF_FIELD type="ST_LabTool.TTRACE_DEF_DB+TTRACE_DEF_FIELD">
        <TTRACE_DEF_FIELD>
          <valid>true</valid>
          <TraceId>72</TraceId>
          <TraceName>TRACE_APP_OTP_OPERATION</TraceName>
          <TraceString>APP,OTP operation</TraceString>
         </TTRACE_DEF_FIELD>
      </TTRACE_DEF_FIELD>
    </myTraceDefField>    
    <myTraceDefField>
      <TTRACE_DEF_FIELD type="ST_LabTool.TTRACE_DEF_DB+TTRACE_DEF_FIELD">
        <TTRACE_DEF_FIELD>
          <valid>true</valid>
          <TraceId>73</TraceId>
          <TraceName>TRACE_APP_OTP_REGION</TraceName>
          <TraceString>APP,OTP region</TraceString>
         </TTRACE_DEF_FIELD>
      </TTRACE_DEF_FIELD>
    </myTraceDefField>    
    <myTraceDefField>
      <TTRACE_DEF_FIELD type="ST_LabTool.TTRACE_DEF_DB+TTRACE_DEF_FIELD">
        <TTRACE_DEF_FIELD>
          <valid>true</valid>
          <TraceId>74</TraceId>
          <TraceName>TRACE_APP_OTP_PAYLOAD</TraceName>
          <TraceString>APP,OTP payload</TraceString>
         </TTRACE_DEF_FIELD>
      </TTRACE_DEF_FIELD>
    </myTraceDefField> 
    <myTraceDefField>
      <TTRACE_DEF_FIELD type="ST_LabTool.TTRACE_DEF_DB+TTRACE_DEF_FIELD">
        <TTRACE_DEF_FIELD>
          <valid>true</valid>
          <TraceId>75</TraceId>
          <TraceName>TRACE_APP_SFLASH_OPERATION</TraceName>
          <TraceString>APP,sFlash operation</TraceString>
         </TTRACE_DEF_FIELD>
      </TTRACE_DEF_FIELD>
    </myTraceDefField>    
    <myTraceDefField>
      <TTRACE_DEF_FIELD type="ST_LabTool.TTRACE_DEF_DB+TTRACE_DEF_FIELD">
        <TTRACE_DEF_FIELD>
          <valid>true</valid>
          <TraceId>76</TraceId>
          <TraceName>TRACE_APP_SFLASH_ADDRESS</TraceName>
          <TraceString>APP,sFlash address</TraceString>
         </TTRACE_DEF_FIELD>
      </TTRACE_DEF_FIELD>
    </myTraceDefField> 
    <myTraceDefField>
      <TTRACE_DEF_FIELD type="ST_LabTool.TTRACE_DEF_DB+TTRACE_DEF_FIELD">
        <TTRACE_DEF_FIELD>
          <valid>true</valid>
          <TraceId>77</TraceId>
          <TraceName>TRACE_APP_UDPRSP_RHI_EXEC</TraceName>
          <TraceString>APP,RHI,command exec</TraceString>
         </TTRACE_DEF_FIELD>
      </TTRACE_DEF_FIELD>
    </myTraceDefField> 
    <myTraceDefField>
      <TTRACE_DEF_FIELD type="ST_LabTool.TTRACE_DEF_DB+TTRACE_DEF_FIELD">
        <TTRACE_DEF_FIELD>
          <valid>true</valid>
          <TraceId>78</TraceId>
          <TraceName>TRACE_APP_UDPRSP_RHI_CMDID</TraceName>
          <TraceString>APP,RHI,CmdId</TraceString>
         </TTRACE_DEF_FIELD>
      </TTRACE_DEF_FIELD>
    </myTraceDefField>     
    <myTraceDefField>
      <TTRACE_DEF_FIELD type="ST_LabTool.TTRACE_DEF_DB+TTRACE_DEF_FIELD">
        <TTRACE_DEF_FIELD>
          <valid>true</valid>
          <TraceId>79</TraceId>
          <TraceName>TRACE_APP_UDPRSP_RHI_STATUS</TraceName>
          <TraceString>APP,RHI,Status</TraceString>
         </TTRACE_DEF_FIELD>
      </TTRACE_DEF_FIELD>
    </myTraceDefField>    
    <myTraceDefField>
      <TTRACE_DEF_FIELD type="ST_LabTool.TTRACE_DEF_DB+TTRACE_DEF_FIELD">
        <TTRACE_DEF_FIELD>
          <valid>true</valid>
          <TraceId>80</TraceId>
          <TraceName>TRACE_APP_UDPRSP_RHI_DELAY</TraceName>
          <TraceString>APP,RHI,Delay</TraceString>
         </TTRACE_DEF_FIELD>
      </TTRACE_DEF_FIELD>
    </myTraceDefField>  
    <myTraceDefField>
      <TTRACE_DEF_FIELD type="ST_LabTool.TTRACE_DEF_DB+TTRACE_DEF_FIELD">
        <TTRACE_DEF_FIELD>
          <valid>true</valid>
          <TraceId>81</TraceId>
          <TraceName>TRACE_APP_RSV1</TraceName>
          <TraceString>APP,Reserved</TraceString>
         </TTRACE_DEF_FIELD>
      </TTRACE_DEF_FIELD>
    </myTraceDefField>   
    <myTraceDefField>
      <TTRACE_DEF_FIELD type="ST_LabTool.TTRACE_DEF_DB+TTRACE_DEF_FIELD">
        <TTRACE_DEF_FIELD>
          <valid>true</valid>
          <TraceId>82</TraceId>
          <TraceName>TRACE_APP_RSV2</TraceName>
          <TraceString>APP,Reserved</TraceString>
         </TTRACE_DEF_FIELD>
      </TTRACE_DEF_FIELD>
    </myTraceDefField> 
    <myTraceDefField>
      <TTRACE_DEF_FIELD type="ST_LabTool.TTRACE_DEF_DB+TTRACE_DEF_FIELD">
        <TTRACE_DEF_FIELD>
          <valid>true</valid>
          <TraceId>83</TraceId>
          <TraceName>TRACE_APP_RSV3</TraceName>
          <TraceString>APP,Reserved</TraceString>
         </TTRACE_DEF_FIELD>
      </TTRACE_DEF_FIELD>
    </myTraceDefField>
    <myTraceDefField>
      <TTRACE_DEF_FIELD type="ST_LabTool.TTRACE_DEF_DB+TTRACE_DEF_FIELD">
        <TTRACE_DEF_FIELD>
          <valid>true</valid>
          <TraceId>84</TraceId>
          <TraceName>TRACE_APP_NVM_RFFC</TraceName>
          <TraceString>APP,NVM restore RF FC</TraceString>
         </TTRACE_DEF_FIELD>
      </TTRACE_DEF_FIELD>
    </myTraceDefField>   
    <myTraceDefField>
      <TTRACE_DEF_FIELD type="ST_LabTool.TTRACE_DEF_DB+TTRACE_DEF_FIELD">
        <TTRACE_DEF_FIELD>
          <valid>true</valid>
          <TraceId>85</TraceId>
          <TraceName>TRACE_APP_UDPRSP_SEND_NO_RSP</TraceName>
          <TraceString>APP,UDP Responder,Send without response expected</TraceString>
         </TTRACE_DEF_FIELD>
      </TTRACE_DEF_FIELD>
    </myTraceDefField>    
    <myTraceDefField>
      <TTRACE_DEF_FIELD type="ST_LabTool.TTRACE_DEF_DB+TTRACE_DEF_FIELD">
        <TTRACE_DEF_FIELD>
          <valid>true</valid>
          <TraceId>86</TraceId>
          <TraceName>TRACE_APP_UDPRSP_LEN_ID</TraceName>
          <TraceString>APP,UDP Responder with variable length request, requested ID</TraceString>
         </TTRACE_DEF_FIELD>
      </TTRACE_DEF_FIELD>
    </myTraceDefField>     
    <myTraceDefField>
      <TTRACE_DEF_FIELD type="ST_LabTool.TTRACE_DEF_DB+TTRACE_DEF_FIELD">
        <TTRACE_DEF_FIELD>
          <valid>true</valid>
          <TraceId>87</TraceId>
          <TraceName>TRACE_APP_NVM_SETATTR_ERR</TraceName>
          <TraceString>APP,Set NVM attr,ERR</TraceString>
         </TTRACE_DEF_FIELD>
      </TTRACE_DEF_FIELD>
    </myTraceDefField>    
  </myTraceDef_DBXml>
</TXmlFormatTraceDef>