<?xml version="1.0" encoding="utf-8"?>
<TXmlFormatTraceDef xmlns:xsi="http://www.w3.org/2001/XMLSchema-instance" xmlns:xsd="http://www.w3.org/2001/XMLSchema">
  <myTraceDef_DBXml>
    <myTraceDefModule>
      <TTRACE_DEF_MOD type="ST_LabTool.TTRACE_DEF_DB+TTRACE_DEF_MOD">
        <TTRACE_DEF_MOD>
          <valid>true</valid>
                <idGroupTrc>PLC_G3</idGroupTrc>
                <ModId>29</ModId>
                <ModName>RF</ModName> 
        </TTRACE_DEF_MOD>  
      </TTRACE_DEF_MOD>
    </myTraceDefModule>  
    <myTraceDefField>
      <TTRACE_DEF_FIELD type="ST_LabTool.TTRACE_DEF_DB+TTRACE_DEF_FIELD">
        <TTRACE_DEF_FIELD>
          <valid>true</valid>
          <TraceId>0</TraceId>
          <TraceName>TRACE_RF_CONFIG_PREAMBLELEN</TraceName>
          <TraceString>RF,Config,Preamble len</TraceString>
        </TTRACE_DEF_FIELD>
      </TTRACE_DEF_FIELD>
    </myTraceDefField>
    <myTraceDefField>
      <TTRACE_DEF_FIELD type="ST_LabTool.TTRACE_DEF_DB+TTRACE_DEF_FIELD">
        <TTRACE_DEF_FIELD>
          <valid>true</valid>
          <TraceId>1</TraceId>
          <TraceName>TRACE_RF_TXBITS</TraceName>
          <TraceString>RF,TX bits</TraceString>
        </TTRACE_DEF_FIELD>
      </TTRACE_DEF_FIELD>
    </myTraceDefField> 
    <myTraceDefField>
      <TTRACE_DEF_FIELD type="ST_LabTool.TTRACE_DEF_DB+TTRACE_DEF_FIELD">
        <TTRACE_DEF_FIELD>
          <valid>true</valid>
          <TraceId>2</TraceId>
          <TraceName>TRACE_RF_TXTMS</TraceName>
          <TraceString>RF,TX time ms</TraceString>
        </TTRACE_DEF_FIELD>
      </TTRACE_DEF_FIELD>
    </myTraceDefField>    
    <myTraceDefField>
      <TTRACE_DEF_FIELD type="ST_LabTool.TTRACE_DEF_DB+TTRACE_DEF_FIELD">
        <TTRACE_DEF_FIELD>
          <valid>true</valid>
          <TraceId>3</TraceId>
          <TraceName>TRACE_RF_RX_DATALEN</TraceName>
          <TraceString>RF,RX,Data len</TraceString>
        </TTRACE_DEF_FIELD>
      </TTRACE_DEF_FIELD>
    </myTraceDefField>
    <myTraceDefField>
      <TTRACE_DEF_FIELD type="ST_LabTool.TTRACE_DEF_DB+TTRACE_DEF_FIELD">
        <TTRACE_DEF_FIELD>
          <valid>true</valid>
          <TraceId>4</TraceId>
          <TraceName>TRACE_RF_TX_DATALEN</TraceName>
          <TraceString>RF,TX,Data len</TraceString>
        </TTRACE_DEF_FIELD>
      </TTRACE_DEF_FIELD>
    </myTraceDefField>      
    <myTraceDefField>
      <TTRACE_DEF_FIELD type="ST_LabTool.TTRACE_DEF_DB+TTRACE_DEF_FIELD">
        <TTRACE_DEF_FIELD>
          <valid>true</valid>
          <TraceId>64</TraceId>
          <TraceName>TRACE_RF_RX_DATADISC</TraceName>
          <TraceString>RF,RX,Data discarded</TraceString>
        </TTRACE_DEF_FIELD>
      </TTRACE_DEF_FIELD>
    </myTraceDefField>
    <myTraceDefField>
      <TTRACE_DEF_FIELD type="ST_LabTool.TTRACE_DEF_DB+TTRACE_DEF_FIELD">
        <TTRACE_DEF_FIELD>
          <valid>true</valid>
          <TraceId>65</TraceId>
          <TraceName>TRACE_RF_FIFOERR</TraceName>
          <TraceString>RF,FIFO error</TraceString>
        </TTRACE_DEF_FIELD>
      </TTRACE_DEF_FIELD>
    </myTraceDefField>    
     <myTraceDefField>
      <TTRACE_DEF_FIELD type="ST_LabTool.TTRACE_DEF_DB+TTRACE_DEF_FIELD">
        <TTRACE_DEF_FIELD>
          <valid>true</valid>
          <TraceId>66</TraceId>
          <TraceName>TRACE_RF_RX_DATA</TraceName>
          <TraceString>RF,RX,Data</TraceString>
        </TTRACE_DEF_FIELD>
      </TTRACE_DEF_FIELD>
    </myTraceDefField>   
    <myTraceDefField>
      <TTRACE_DEF_FIELD type="ST_LabTool.TTRACE_DEF_DB+TTRACE_DEF_FIELD">
        <TTRACE_DEF_FIELD>
          <valid>true</valid>
          <TraceId>67</TraceId>
          <TraceName>TRACE_RF_TX_DATA_SENT</TraceName>
          <TraceString>RF,TX,Data sent</TraceString>
        </TTRACE_DEF_FIELD>
      </TTRACE_DEF_FIELD>
    </myTraceDefField>		
    <myTraceDefField>
      <TTRACE_DEF_FIELD type="ST_LabTool.TTRACE_DEF_DB+TTRACE_DEF_FIELD">
        <TTRACE_DEF_FIELD>
          <valid>true</valid>
          <TraceId>68</TraceId>
          <TraceName>TRACE_RF_TX_CSMA_FAIL</TraceName>
          <TraceString>RF,TX,CSMA fail</TraceString>
        </TTRACE_DEF_FIELD>
      </TTRACE_DEF_FIELD>
    </myTraceDefField>   
    <myTraceDefField>
      <TTRACE_DEF_FIELD type="ST_LabTool.TTRACE_DEF_DB+TTRACE_DEF_FIELD">
        <TTRACE_DEF_FIELD>
          <valid>true</valid>
          <TraceId>69</TraceId>
          <TraceName>TRACE_RF_TX_BUSY</TraceName>
          <TraceString>RF,TX,Busy</TraceString>
        </TTRACE_DEF_FIELD>
      </TTRACE_DEF_FIELD>
    </myTraceDefField>    
    <myTraceDefField>
      <TTRACE_DEF_FIELD type="ST_LabTool.TTRACE_DEF_DB+TTRACE_DEF_FIELD">
        <TTRACE_DEF_FIELD>
          <valid>true</valid>
          <TraceId>70</TraceId>
          <TraceName>TRACE_RF_WRITE_NVM_RF</TraceName>
          <TraceString>RF,Write RF NVM section</TraceString>
        </TTRACE_DEF_FIELD>
      </TTRACE_DEF_FIELD>
    </myTraceDefField>   
    <myTraceDefField>
      <TTRACE_DEF_FIELD type="ST_LabTool.TTRACE_DEF_DB+TTRACE_DEF_FIELD">
        <TTRACE_DEF_FIELD>
          <valid>true</valid>
          <TraceId>71</TraceId>
          <TraceName>TRACE_RF_CONFIG_FREQ</TraceName>
          <TraceString>RF,Config,Freq</TraceString>
        </TTRACE_DEF_FIELD>
      </TTRACE_DEF_FIELD>
    </myTraceDefField> 
    <myTraceDefField>
      <TTRACE_DEF_FIELD type="ST_LabTool.TTRACE_DEF_DB+TTRACE_DEF_FIELD">
        <TTRACE_DEF_FIELD>
          <valid>true</valid>
          <TraceId>72</TraceId>
          <TraceName>TRACE_RF_CONFIG_MOD</TraceName>
          <TraceString>RF,Config,Mod</TraceString>
        </TTRACE_DEF_FIELD>
      </TTRACE_DEF_FIELD>
    </myTraceDefField> 
    <myTraceDefField>
      <TTRACE_DEF_FIELD type="ST_LabTool.TTRACE_DEF_DB+TTRACE_DEF_FIELD">
        <TTRACE_DEF_FIELD>
          <valid>true</valid>
          <TraceId>73</TraceId>
          <TraceName>TRACE_RF_CONFIG_DR</TraceName>
          <TraceString>RF,Config,DataRate</TraceString>
        </TTRACE_DEF_FIELD>
      </TTRACE_DEF_FIELD>
    </myTraceDefField> 
    <myTraceDefField>
      <TTRACE_DEF_FIELD type="ST_LabTool.TTRACE_DEF_DB+TTRACE_DEF_FIELD">
        <TTRACE_DEF_FIELD>
          <valid>true</valid>
          <TraceId>74</TraceId>
          <TraceName>TRACE_RF_CONFIG_POWERDBM</TraceName>
          <TraceString>RF,Config,Power dBm</TraceString>
        </TTRACE_DEF_FIELD>
      </TTRACE_DEF_FIELD>
    </myTraceDefField>   
    <myTraceDefField>
      <TTRACE_DEF_FIELD type="ST_LabTool.TTRACE_DEF_DB+TTRACE_DEF_FIELD">
        <TTRACE_DEF_FIELD>
          <valid>true</valid>
          <TraceId>75</TraceId>
          <TraceName>TRACE_RF_CONFIG_SYNCLEN</TraceName>
          <TraceString>RF,Config,Sync len</TraceString>
        </TTRACE_DEF_FIELD>
      </TTRACE_DEF_FIELD>
    </myTraceDefField>   
    <myTraceDefField>
      <TTRACE_DEF_FIELD type="ST_LabTool.TTRACE_DEF_DB+TTRACE_DEF_FIELD">
        <TTRACE_DEF_FIELD>
          <valid>true</valid>
          <TraceId>76</TraceId>
          <TraceName>TRACE_RF_CONFIG_CRCMODE</TraceName>
          <TraceString>RF,Config,CRC mode</TraceString>
        </TTRACE_DEF_FIELD>
      </TTRACE_DEF_FIELD>
    </myTraceDefField>   
    <myTraceDefField>
      <TTRACE_DEF_FIELD type="ST_LabTool.TTRACE_DEF_DB+TTRACE_DEF_FIELD">
        <TTRACE_DEF_FIELD>
          <valid>true</valid>
          <TraceId>77</TraceId>
          <TraceName>TRACE_RF_CONFIG_FECEN</TraceName>
          <TraceString>RF,Config,FEC enabled</TraceString>
        </TTRACE_DEF_FIELD>
      </TTRACE_DEF_FIELD>
    </myTraceDefField>   
    <myTraceDefField>
      <TTRACE_DEF_FIELD type="ST_LabTool.TTRACE_DEF_DB+TTRACE_DEF_FIELD">
        <TTRACE_DEF_FIELD>
          <valid>true</valid>
          <TraceId>78</TraceId>
          <TraceName>TRACE_RF_CONFIG_PERSMODEEN</TraceName>
          <TraceString>RF,Config,CSMA persistent mode enabled</TraceString>
        </TTRACE_DEF_FIELD>
      </TTRACE_DEF_FIELD>
    </myTraceDefField>   
    <myTraceDefField>
      <TTRACE_DEF_FIELD type="ST_LabTool.TTRACE_DEF_DB+TTRACE_DEF_FIELD">
        <TTRACE_DEF_FIELD>
          <valid>true</valid>
          <TraceId>79</TraceId>
          <TraceName>TRACE_RF_CONFIG_CSMAMAXNB</TraceName>
          <TraceString>RF,Config,CSMA max NB</TraceString>
        </TTRACE_DEF_FIELD>
      </TTRACE_DEF_FIELD>
    </myTraceDefField>   
    <myTraceDefField>
      <TTRACE_DEF_FIELD type="ST_LabTool.TTRACE_DEF_DB+TTRACE_DEF_FIELD">
        <TTRACE_DEF_FIELD>
          <valid>true</valid>
          <TraceId>80</TraceId>
          <TraceName>TRACE_RF_CONFIG_RSSIGAIN</TraceName>
          <TraceString>RF,Config,RSSI gain</TraceString>
        </TTRACE_DEF_FIELD>
      </TTRACE_DEF_FIELD>
    </myTraceDefField>   
    <myTraceDefField>
      <TTRACE_DEF_FIELD type="ST_LabTool.TTRACE_DEF_DB+TTRACE_DEF_FIELD">
        <TTRACE_DEF_FIELD>
          <valid>true</valid>
          <TraceId>81</TraceId>
          <TraceName>TRACE_RF_CONFIG_EXTSMPS</TraceName>
          <TraceString>RF,Config,Ext SMPS enabled</TraceString>
        </TTRACE_DEF_FIELD>
      </TTRACE_DEF_FIELD>
    </myTraceDefField>       
    <myTraceDefField>
      <TTRACE_DEF_FIELD type="ST_LabTool.TTRACE_DEF_DB+TTRACE_DEF_FIELD">
        <TTRACE_DEF_FIELD>
          <valid>true</valid>
          <TraceId>82</TraceId>
          <TraceName>TRACE_RF_CRC_ERROR</TraceName>
          <TraceString>RF,IRQ,CRC error</TraceString>
        </TTRACE_DEF_FIELD>
      </TTRACE_DEF_FIELD>
    </myTraceDefField>   
    <myTraceDefField>
      <TTRACE_DEF_FIELD type="ST_LabTool.TTRACE_DEF_DB+TTRACE_DEF_FIELD">
        <TTRACE_DEF_FIELD>
          <valid>true</valid>
          <TraceId>83</TraceId>
          <TraceName>TRACE_RF_IRQ_STATUS</TraceName>
          <TraceString>RF,IRQ,Status</TraceString>
        </TTRACE_DEF_FIELD>
      </TTRACE_DEF_FIELD>
    </myTraceDefField>
    <myTraceDefField>
      <TTRACE_DEF_FIELD type="ST_LabTool.TTRACE_DEF_DB+TTRACE_DEF_FIELD">
        <TTRACE_DEF_FIELD>
          <valid>true</valid>
          <TraceId>84</TraceId>
          <TraceName>TRACE_RF_RX_SYNC</TraceName>
          <TraceString>RF,IRQ,Sync word detected</TraceString>
        </TTRACE_DEF_FIELD>
      </TTRACE_DEF_FIELD>
    </myTraceDefField> 
    <myTraceDefField>
      <TTRACE_DEF_FIELD type="ST_LabTool.TTRACE_DEF_DB+TTRACE_DEF_FIELD">
        <TTRACE_DEF_FIELD>
          <valid>true</valid>
          <TraceId>85</TraceId>
          <TraceName>TRACE_RF_RX_TIMEOUT</TraceName>
          <TraceString>RF,IRQ,RX timer timeout</TraceString>
        </TTRACE_DEF_FIELD>
      </TTRACE_DEF_FIELD>
    </myTraceDefField>     
    <myTraceDefField>
      <TTRACE_DEF_FIELD type="ST_LabTool.TTRACE_DEF_DB+TTRACE_DEF_FIELD">
        <TTRACE_DEF_FIELD>
          <valid>true</valid>
          <TraceId>86</TraceId>
          <TraceName>TRACE_RF_RX_RSSI</TraceName>
          <TraceString>RF,RX,RSSI</TraceString>
        </TTRACE_DEF_FIELD>
      </TTRACE_DEF_FIELD>
    </myTraceDefField> 
    <myTraceDefField>
      <TTRACE_DEF_FIELD type="ST_LabTool.TTRACE_DEF_DB+TTRACE_DEF_FIELD">
        <TTRACE_DEF_FIELD>
          <valid>true</valid>
          <TraceId>87</TraceId>
          <TraceName>TRACE_RF_RX_NOISE</TraceName>
          <TraceString>RF,RX,Noise</TraceString>
        </TTRACE_DEF_FIELD>
      </TTRACE_DEF_FIELD>
    </myTraceDefField>   
    <myTraceDefField>
      <TTRACE_DEF_FIELD type="ST_LabTool.TTRACE_DEF_DB+TTRACE_DEF_FIELD">
        <TTRACE_DEF_FIELD>
          <valid>true</valid>
          <TraceId>88</TraceId>
          <TraceName>TRACE_RF_BUSY_TIMEOUT</TraceName>
          <TraceString>RF,TRX busy timeout</TraceString>
        </TTRACE_DEF_FIELD>
      </TTRACE_DEF_FIELD>
    </myTraceDefField>     
    <myTraceDefField>
      <TTRACE_DEF_FIELD type="ST_LabTool.TTRACE_DEF_DB+TTRACE_DEF_FIELD">
        <TTRACE_DEF_FIELD>
          <valid>true</valid>
          <TraceId>89</TraceId>
          <TraceName>TRACE_RF_SETRXRSSI_THR</TraceName>
          <TraceString>RF,Set RX RSSI threshold</TraceString>
        </TTRACE_DEF_FIELD>
      </TTRACE_DEF_FIELD>
    </myTraceDefField> 
    <myTraceDefField>
      <TTRACE_DEF_FIELD type="ST_LabTool.TTRACE_DEF_DB+TTRACE_DEF_FIELD">
        <TTRACE_DEF_FIELD>
          <valid>true</valid>
          <TraceId>90</TraceId>
          <TraceName>TRACE_RF_TX_DATA</TraceName>
          <TraceString>RF,TX,Data</TraceString>
        </TTRACE_DEF_FIELD>
      </TTRACE_DEF_FIELD>
    </myTraceDefField> 
    <myTraceDefField>
      <TTRACE_DEF_FIELD type="ST_LabTool.TTRACE_DEF_DB+TTRACE_DEF_FIELD">
        <TTRACE_DEF_FIELD>
          <valid>true</valid>
          <TraceId>91</TraceId>
          <TraceName>TRACE_RF_NOISE_MEAN</TraceName>
          <TraceString>RF,Noise mean</TraceString>
        </TTRACE_DEF_FIELD>
      </TTRACE_DEF_FIELD>
    </myTraceDefField> 
    <myTraceDefField>
      <TTRACE_DEF_FIELD type="ST_LabTool.TTRACE_DEF_DB+TTRACE_DEF_FIELD">
        <TTRACE_DEF_FIELD>
          <valid>true</valid>
          <TraceId>92</TraceId>
          <TraceName>TRACE_RF_NOISE_MEANABSDEV</TraceName>
          <TraceString>RF,Noise mean abs dev</TraceString>
        </TTRACE_DEF_FIELD>
      </TTRACE_DEF_FIELD>
    </myTraceDefField> 
    <myTraceDefField>
      <TTRACE_DEF_FIELD type="ST_LabTool.TTRACE_DEF_DB+TTRACE_DEF_FIELD">
        <TTRACE_DEF_FIELD>
          <valid>true</valid>
          <TraceId>93</TraceId>
          <TraceName>TRACE_RF_NOISE_CLEANMEAN</TraceName>
          <TraceString>RF,Noise clean mean</TraceString>
        </TTRACE_DEF_FIELD>
      </TTRACE_DEF_FIELD>
    </myTraceDefField> 
    <myTraceDefField>
      <TTRACE_DEF_FIELD type="ST_LabTool.TTRACE_DEF_DB+TTRACE_DEF_FIELD">
        <TTRACE_DEF_FIELD>
          <valid>true</valid>
          <TraceId>94</TraceId>
          <TraceName>TRACE_RF_NOISE_VALIDSAMPLES</TraceName>
          <TraceString>RF,Noise valid samples</TraceString>
        </TTRACE_DEF_FIELD>
      </TTRACE_DEF_FIELD>
    </myTraceDefField>    
    <myTraceDefField>
      <TTRACE_DEF_FIELD type="ST_LabTool.TTRACE_DEF_DB+TTRACE_DEF_FIELD">
        <TTRACE_DEF_FIELD>
          <valid>true</valid>
          <TraceId>95</TraceId>
          <TraceName>TRACE_RF_EMPTY_RSSI</TraceName>
          <TraceString>RF,Empty RSSI values</TraceString>
        </TTRACE_DEF_FIELD>
      </TTRACE_DEF_FIELD>
    </myTraceDefField>     
    <myTraceDefField>
      <TTRACE_DEF_FIELD type="ST_LabTool.TTRACE_DEF_DB+TTRACE_DEF_FIELD">
        <TTRACE_DEF_FIELD>
          <valid>true</valid>
          <TraceId>96</TraceId>
          <TraceName>TRACE_RF_IDLE</TraceName>
          <TraceString>RF,Idle</TraceString>
        </TTRACE_DEF_FIELD>
      </TTRACE_DEF_FIELD>
    </myTraceDefField> 
    <myTraceDefField>
      <TTRACE_DEF_FIELD type="ST_LabTool.TTRACE_DEF_DB+TTRACE_DEF_FIELD">
        <TTRACE_DEF_FIELD>
          <valid>true</valid>
          <TraceId>97</TraceId>
          <TraceName>TRACE_RF_RXFRAMETOOLONG</TraceName>
          <TraceString>RF,Rx frame len exceeds limit</TraceString>
        </TTRACE_DEF_FIELD>
      </TTRACE_DEF_FIELD>
    </myTraceDefField> 
    <myTraceDefField>
      <TTRACE_DEF_FIELD type="ST_LabTool.TTRACE_DEF_DB+TTRACE_DEF_FIELD">
        <TTRACE_DEF_FIELD>
          <valid>true</valid>
          <TraceId>98</TraceId>
          <TraceName>TRACE_RF_TXFRAMETOOLONG</TraceName>
          <TraceString>RF,Tx frame len exceeds limit</TraceString>
        </TTRACE_DEF_FIELD>
      </TTRACE_DEF_FIELD>
    </myTraceDefField> 
    <myTraceDefField>
      <TTRACE_DEF_FIELD type="ST_LabTool.TTRACE_DEF_DB+TTRACE_DEF_FIELD">
        <TTRACE_DEF_FIELD>
          <valid>true</valid>
          <TraceId>99</TraceId>
          <TraceName>TRACE_RF_PHYOFF</TraceName>
          <TraceString>RF,PHY layer OFF</TraceString>
        </TTRACE_DEF_FIELD>
      </TTRACE_DEF_FIELD>
    </myTraceDefField>    
    <myTraceDefField>
      <TTRACE_DEF_FIELD type="ST_LabTool.TTRACE_DEF_DB+TTRACE_DEF_FIELD">
        <TTRACE_DEF_FIELD>
          <valid>true</valid>
          <TraceId>100</TraceId>
          <TraceName>TRACE_RF_CONFIG_FEMENABLED</TraceName>
          <TraceString>RF,Config,FEM enabled</TraceString>
        </TTRACE_DEF_FIELD>
      </TTRACE_DEF_FIELD>
    </myTraceDefField>     
    <myTraceDefField>
      <TTRACE_DEF_FIELD type="ST_LabTool.TTRACE_DEF_DB+TTRACE_DEF_FIELD">
        <TTRACE_DEF_FIELD>
          <valid>true</valid>
          <TraceId>101</TraceId>
          <TraceName>TRACE_RF_CONFIG_FEMCSD</TraceName>
          <TraceString>RF,Config,CSD GPIO pin</TraceString>
        </TTRACE_DEF_FIELD>
      </TTRACE_DEF_FIELD>
    </myTraceDefField>     
    <myTraceDefField>
      <TTRACE_DEF_FIELD type="ST_LabTool.TTRACE_DEF_DB+TTRACE_DEF_FIELD">
        <TTRACE_DEF_FIELD>
          <valid>true</valid>
          <TraceId>102</TraceId>
          <TraceName>TRACE_RF_CONFIG_FEMCPS</TraceName>
          <TraceString>RF,Config,CPS GPIO pin</TraceString>
        </TTRACE_DEF_FIELD>
      </TTRACE_DEF_FIELD>
    </myTraceDefField>     
    <myTraceDefField>
      <TTRACE_DEF_FIELD type="ST_LabTool.TTRACE_DEF_DB+TTRACE_DEF_FIELD">
        <TTRACE_DEF_FIELD>
          <valid>true</valid>
          <TraceId>103</TraceId>
          <TraceName>TRACE_RF_CONFIG_FEMCTX</TraceName>
          <TraceString>RF,Config,CTX GPIO pin</TraceString>
        </TTRACE_DEF_FIELD>
      </TTRACE_DEF_FIELD>
    </myTraceDefField>     
    <myTraceDefField>
      <TTRACE_DEF_FIELD type="ST_LabTool.TTRACE_DEF_DB+TTRACE_DEF_FIELD">
        <TTRACE_DEF_FIELD>
          <valid>true</valid>
          <TraceId>104</TraceId>
          <TraceName>TRACE_RF_CONFIG_BYPASS</TraceName>
          <TraceString>RF,Config,FEM TX bypass enabled</TraceString>
        </TTRACE_DEF_FIELD>
      </TTRACE_DEF_FIELD>
    </myTraceDefField>     
    <myTraceDefField>
      <TTRACE_DEF_FIELD type="ST_LabTool.TTRACE_DEF_DB+TTRACE_DEF_FIELD">
        <TTRACE_DEF_FIELD>
          <valid>true</valid>
          <TraceId>105</TraceId>
          <TraceName>TRACE_RF_CONFIG_CLKOUTPUT</TraceName>
          <TraceString>RF,Config,CLK output enabled</TraceString>
        </TTRACE_DEF_FIELD>
      </TTRACE_DEF_FIELD>
    </myTraceDefField>    
    <myTraceDefField>
      <TTRACE_DEF_FIELD type="ST_LabTool.TTRACE_DEF_DB+TTRACE_DEF_FIELD">
        <TTRACE_DEF_FIELD>
          <valid>true</valid>
          <TraceId>106</TraceId>
          <TraceName>TRACE_RF_FSMEVENT</TraceName>
          <TraceString>RF,S2LP FSM Event</TraceString>
        </TTRACE_DEF_FIELD>
      </TTRACE_DEF_FIELD>
    </myTraceDefField>         
    <myTraceDefField>
      <TTRACE_DEF_FIELD type="ST_LabTool.TTRACE_DEF_DB+TTRACE_DEF_FIELD">
        <TTRACE_DEF_FIELD>
          <valid>true</valid>
          <TraceId>107</TraceId>
          <TraceName>TRACE_RF_FSMSTATE</TraceName>
          <TraceString>RF,S2LP FSM State</TraceString>
        </TTRACE_DEF_FIELD>
      </TTRACE_DEF_FIELD>
    </myTraceDefField>   
    <myTraceDefField>
      <TTRACE_DEF_FIELD type="ST_LabTool.TTRACE_DEF_DB+TTRACE_DEF_FIELD">
        <TTRACE_DEF_FIELD>
          <valid>true</valid>
          <TraceId>108</TraceId>
          <TraceName>TRACE_RF_FSMEVENTERR</TraceName>
          <TraceString>RF,Cannot handle event</TraceString>
        </TTRACE_DEF_FIELD>
      </TTRACE_DEF_FIELD>
    </myTraceDefField>  
    <myTraceDefField>
      <TTRACE_DEF_FIELD type="ST_LabTool.TTRACE_DEF_DB+TTRACE_DEF_FIELD">
        <TTRACE_DEF_FIELD>
          <valid>true</valid>
          <TraceId>109</TraceId>
          <TraceName>TRACE_RF_DATA_READY</TraceName>
          <TraceString>RF,IRQ,Data ready</TraceString>
        </TTRACE_DEF_FIELD>
      </TTRACE_DEF_FIELD>
    </myTraceDefField>    
    <myTraceDefField>
      <TTRACE_DEF_FIELD type="ST_LabTool.TTRACE_DEF_DB+TTRACE_DEF_FIELD">
        <TTRACE_DEF_FIELD>
          <valid>true</valid>
          <TraceId>110</TraceId>
          <TraceName>TRACE_RF_TX_FIFO_EMPTY</TraceName>
          <TraceString>RF,IRQ,Tx FIFO almost empty</TraceString>
        </TTRACE_DEF_FIELD>
      </TTRACE_DEF_FIELD>
    </myTraceDefField>      
    <myTraceDefField>
      <TTRACE_DEF_FIELD type="ST_LabTool.TTRACE_DEF_DB+TTRACE_DEF_FIELD">
        <TTRACE_DEF_FIELD>
          <valid>true</valid>
          <TraceId>111</TraceId>
          <TraceName>TRACE_RF_RX_FIFO_FULL</TraceName>
          <TraceString>RF,IRQ,Rx FIFO almost full</TraceString>
        </TTRACE_DEF_FIELD>
      </TTRACE_DEF_FIELD>
    </myTraceDefField>   
    <myTraceDefField>
      <TTRACE_DEF_FIELD type="ST_LabTool.TTRACE_DEF_DB+TTRACE_DEF_FIELD">
        <TTRACE_DEF_FIELD>
          <valid>true</valid>
          <TraceId>112</TraceId>
          <TraceName>TRACE_RF_TX_FIFO_IN</TraceName>
          <TraceString>RF,Tx FIFO in</TraceString>
        </TTRACE_DEF_FIELD>
      </TTRACE_DEF_FIELD>
    </myTraceDefField> 
    <myTraceDefField>
      <TTRACE_DEF_FIELD type="ST_LabTool.TTRACE_DEF_DB+TTRACE_DEF_FIELD">
        <TTRACE_DEF_FIELD>
          <valid>true</valid>
          <TraceId>113</TraceId>
          <TraceName>TRACE_RF_RX_FIFO_OUT</TraceName>
          <TraceString>RF,Rx FIFO out</TraceString>
        </TTRACE_DEF_FIELD>
      </TTRACE_DEF_FIELD>
    </myTraceDefField>  
    <myTraceDefField>
      <TTRACE_DEF_FIELD type="ST_LabTool.TTRACE_DEF_DB+TTRACE_DEF_FIELD">
        <TTRACE_DEF_FIELD>
          <valid>true</valid>
          <TraceId>114</TraceId>
          <TraceName>TRACE_RF_SETTXCS_THR</TraceName>
          <TraceString>RF,Set TX CS threshold</TraceString>
        </TTRACE_DEF_FIELD>
      </TTRACE_DEF_FIELD>
    </myTraceDefField>    
    <myTraceDefField>
      <TTRACE_DEF_FIELD type="ST_LabTool.TTRACE_DEF_DB+TTRACE_DEF_FIELD">
        <TTRACE_DEF_FIELD>
          <valid>true</valid>
          <TraceId>115</TraceId>
          <TraceName>TRACE_RF_S2LP_VERS</TraceName>
          <TraceString>RF,S2-LP version</TraceString>
        </TTRACE_DEF_FIELD>
      </TTRACE_DEF_FIELD>
    </myTraceDefField> 
  </myTraceDef_DBXml>
</TXmlFormatTraceDef>